<?xml version="1.0" encoding="utf-8"?>
<Decks xmlns:xsi="http://www.w3.org/2001/XMLSchema-instance" xmlns:xsd="http://www.w3.org/2001/XMLSchema">
  <Tags>
    <Tag>All</Tag>
    <Tag>None</Tag>
    <Tag>Favorite</Tag>
  </Tags>
  <Deck>
    <Cards>
      <Card>
        <Id>EX1_607</Id>
        <Count>2</Count>
      </Card>
      <Card>
        <Id>YOD_022</Id>
        <Count>2</Count>
      </Card>
      <Card>
        <Id>DRG_024</Id>
        <Count>2</Count>
      </Card>
      <Card>
        <Id>EX1_402</Id>
        <Count>2</Count>
      </Card>
      <Card>
        <Id>EX1_392</Id>
        <Count>2</Count>
      </Card>
      <Card>
        <Id>BT_124</Id>
        <Count>2</Count>
      </Card>
      <Card>
        <Id>CS2_104</Id>
        <Count>2</Count>
      </Card>
      <Card>
        <Id>ULD_174</Id>
        <Count>2</Count>
      </Card>
      <Card>
        <Id>DRG_025</Id>
        <Count>1</Count>
      </Card>
      <Card>
        <Id>ULD_720</Id>
        <Count>2</Count>
      </Card>
      <Card>
        <Id>YOD_024</Id>
        <Count>2</Count>
      </Card>
      <Card>
        <Id>ULD_708</Id>
        <Count>2</Count>
      </Card>
      <Card>
        <Id>BT_126</Id>
        <Count>1</Count>
      </Card>
      <Card>
        <Id>BT_120</Id>
        <Count>2</Count>
      </Card>
      <Card>
        <Id>NEW1_011</Id>
        <Count>2</Count>
      </Card>
      <Card>
        <Id>BT_138</Id>
        <Count>2</Count>
      </Card>
    </Cards>
    <Class>Warrior</Class>
    <LastEdited>2020-05-05T21:25:58.7594626+02:00</LastEdited>
    <MissingCards />
    <Url />
    <Version>
      <Build>0</Build>
      <Major>1</Major>
      <Minor>0</Minor>
      <Revision>0</Revision>
    </Version>
    <DeckHistory />
    <Archived>false</Archived>
    <HsId>1926972494</HsId>
    <Note />
    <SelectedVersion>
      <Build>0</Build>
      <Major>1</Major>
      <Minor>0</Minor>
      <Revision>0</Revision>
    </SelectedVersion>
    <IsArenaDeck>false</IsArenaDeck>
    <IsDungeonDeck>false</IsDungeonDeck>
    <DeckId>f7395703-b857-43a4-8c6a-5cbd4626a5fe</DeckId>
    <Name>Teron</Name>
    <Tags />
  </Deck>
  <Deck>
    <Cards>
      <Card>
        <Id>BT_175</Id>
        <Count>2</Count>
      </Card>
      <Card>
        <Id>BT_490</Id>
        <Count>2</Count>
      </Card>
      <Card>
        <Id>BT_480</Id>
        <Count>2</Count>
      </Card>
      <Card>
        <Id>BT_753</Id>
        <Count>2</Count>
      </Card>
      <Card>
        <Id>EX1_012</Id>
        <Count>1</Count>
      </Card>
      <Card>
        <Id>BT_035</Id>
        <Count>2</Count>
      </Card>
      <Card>
        <Id>BT_514</Id>
        <Count>2</Count>
      </Card>
      <Card>
        <Id>EX1_015</Id>
        <Count>2</Count>
      </Card>
      <Card>
        <Id>BT_491</Id>
        <Count>2</Count>
      </Card>
      <Card>
        <Id>ULD_003</Id>
        <Count>1</Count>
      </Card>
      <Card>
        <Id>BT_921</Id>
        <Count>2</Count>
      </Card>
      <Card>
        <Id>BT_801</Id>
        <Count>2</Count>
      </Card>
      <Card>
        <Id>BT_937</Id>
        <Count>1</Count>
      </Card>
      <Card>
        <Id>BT_187</Id>
        <Count>1</Count>
      </Card>
      <Card>
        <Id>BT_429</Id>
        <Count>1</Count>
      </Card>
      <Card>
        <Id>BT_601</Id>
        <Count>2</Count>
      </Card>
      <Card>
        <Id>BT_255</Id>
        <Count>1</Count>
      </Card>
      <Card>
        <Id>BT_512</Id>
        <Count>2</Count>
      </Card>
    </Cards>
    <Class>DemonHunter</Class>
    <LastEdited>2020-05-05T21:25:58.7604588+02:00</LastEdited>
    <MissingCards />
    <Url />
    <Version>
      <Build>0</Build>
      <Major>1</Major>
      <Minor>0</Minor>
      <Revision>0</Revision>
    </Version>
    <DeckHistory />
    <Archived>false</Archived>
    <HsId>1928021721</HsId>
    <Note />
    <SelectedVersion>
      <Build>0</Build>
      <Major>1</Major>
      <Minor>0</Minor>
      <Revision>0</Revision>
    </SelectedVersion>
    <IsArenaDeck>false</IsArenaDeck>
    <IsDungeonDeck>false</IsDungeonDeck>
    <DeckId>0ef13a74-cbf8-401b-bc10-550c45a14036</DeckId>
    <Name>OTK</Name>
    <Tags />
  </Deck>
  <Deck>
    <Cards>
      <Card>
        <Id>DS1_185</Id>
        <Count>2</Count>
      </Card>
      <Card>
        <Id>DRG_253</Id>
        <Count>2</Count>
      </Card>
      <Card>
        <Id>EX1_029</Id>
        <Count>2</Count>
      </Card>
      <Card>
        <Id>DAL_373</Id>
        <Count>2</Count>
      </Card>
      <Card>
        <Id>DRG_255</Id>
        <Count>2</Count>
      </Card>
      <Card>
        <Id>EX1_610</Id>
        <Count>2</Count>
      </Card>
      <Card>
        <Id>ULD_184</Id>
        <Count>2</Count>
      </Card>
      <Card>
        <Id>BT_203</Id>
        <Count>1</Count>
      </Card>
      <Card>
        <Id>DRG_252</Id>
        <Count>2</Count>
      </Card>
      <Card>
        <Id>BT_213</Id>
        <Count>2</Count>
      </Card>
      <Card>
        <Id>NEW1_031</Id>
        <Count>2</Count>
      </Card>
      <Card>
        <Id>EX1_536</Id>
        <Count>2</Count>
      </Card>
      <Card>
        <Id>EX1_539</Id>
        <Count>2</Count>
      </Card>
      <Card>
        <Id>BT_126</Id>
        <Count>1</Count>
      </Card>
      <Card>
        <Id>EX1_538</Id>
        <Count>2</Count>
      </Card>
      <Card>
        <Id>BT_212</Id>
        <Count>2</Count>
      </Card>
    </Cards>
    <Class>Hunter</Class>
    <LastEdited>2020-05-05T21:25:58.7604588+02:00</LastEdited>
    <MissingCards />
    <Url />
    <Version>
      <Build>0</Build>
      <Major>1</Major>
      <Minor>0</Minor>
      <Revision>0</Revision>
    </Version>
    <DeckHistory />
    <Archived>false</Archived>
    <HsId>1935468512</HsId>
    <Note />
    <SelectedVersion>
      <Build>0</Build>
      <Major>1</Major>
      <Minor>0</Minor>
      <Revision>0</Revision>
    </SelectedVersion>
    <IsArenaDeck>false</IsArenaDeck>
    <IsDungeonDeck>false</IsDungeonDeck>
    <DeckId>34bd29b6-94c7-41e3-9d64-0ac9cb8ef2d3</DeckId>
    <Name>Face Hunter</Name>
    <Tags />
  </Deck>
  <Deck>
    <Cards>
      <Card>
        <Id>CS2_072</Id>
        <Count>1</Count>
      </Card>
      <Card>
        <Id>EX1_144</Id>
        <Count>1</Count>
      </Card>
      <Card>
        <Id>DRG_028</Id>
        <Count>1</Count>
      </Card>
      <Card>
        <Id>ULD_186</Id>
        <Count>1</Count>
      </Card>
      <Card>
        <Id>DRG_030</Id>
        <Count>1</Count>
      </Card>
      <Card>
        <Id>BT_701</Id>
        <Count>1</Count>
      </Card>
      <Card>
        <Id>EX1_124</Id>
        <Count>1</Count>
      </Card>
      <Card>
        <Id>EX1_581</Id>
        <Count>1</Count>
      </Card>
      <Card>
        <Id>YOD_016</Id>
        <Count>1</Count>
      </Card>
      <Card>
        <Id>DAL_714</Id>
        <Count>1</Count>
      </Card>
      <Card>
        <Id>YOD_018</Id>
        <Count>1</Count>
      </Card>
      <Card>
        <Id>ULD_003</Id>
        <Count>1</Count>
      </Card>
      <Card>
        <Id>EX1_613</Id>
        <Count>1</Count>
      </Card>
      <Card>
        <Id>DAL_415</Id>
        <Count>1</Count>
      </Card>
      <Card>
        <Id>BT_714</Id>
        <Count>1</Count>
      </Card>
      <Card>
        <Id>DRG_247</Id>
        <Count>1</Count>
      </Card>
      <Card>
        <Id>ULD_275</Id>
        <Count>1</Count>
      </Card>
      <Card>
        <Id>DRG_050</Id>
        <Count>1</Count>
      </Card>
      <Card>
        <Id>YOD_006</Id>
        <Count>1</Count>
      </Card>
      <Card>
        <Id>DAL_716</Id>
        <Count>1</Count>
      </Card>
      <Card>
        <Id>DRG_076</Id>
        <Count>1</Count>
      </Card>
      <Card>
        <Id>DRG_082</Id>
        <Count>1</Count>
      </Card>
      <Card>
        <Id>DRG_242</Id>
        <Count>1</Count>
      </Card>
      <Card>
        <Id>DRG_037</Id>
        <Count>1</Count>
      </Card>
      <Card>
        <Id>DAL_417</Id>
        <Count>1</Count>
      </Card>
      <Card>
        <Id>ULD_208</Id>
        <Count>1</Count>
      </Card>
      <Card>
        <Id>DRG_099</Id>
        <Count>1</Count>
      </Card>
      <Card>
        <Id>DRG_610</Id>
        <Count>1</Count>
      </Card>
      <Card>
        <Id>ULD_178</Id>
        <Count>1</Count>
      </Card>
      <Card>
        <Id>DRG_089</Id>
        <Count>1</Count>
      </Card>
    </Cards>
    <Class>Rogue</Class>
    <LastEdited>2020-05-05T21:25:58.7614643+02:00</LastEdited>
    <MissingCards />
    <Url />
    <Version>
      <Build>0</Build>
      <Major>1</Major>
      <Minor>0</Minor>
      <Revision>0</Revision>
    </Version>
    <DeckHistory />
    <Archived>false</Archived>
    <HsId>1936164456</HsId>
    <Note />
    <SelectedVersion>
      <Build>0</Build>
      <Major>1</Major>
      <Minor>0</Minor>
      <Revision>0</Revision>
    </SelectedVersion>
    <IsArenaDeck>false</IsArenaDeck>
    <IsDungeonDeck>false</IsDungeonDeck>
    <DeckId>bba5ad8d-51bf-4696-a135-d17a4b06a878</DeckId>
    <Name>Highlander Stealth</Name>
    <Tags />
  </Deck>
  <Deck>
    <Cards>
      <Card>
        <Id>CS2_072</Id>
        <Count>2</Count>
      </Card>
      <Card>
        <Id>BT_711</Id>
        <Count>2</Count>
      </Card>
      <Card>
        <Id>ULD_186</Id>
        <Count>2</Count>
      </Card>
      <Card>
        <Id>DRG_030</Id>
        <Count>2</Count>
      </Card>
      <Card>
        <Id>BT_707</Id>
        <Count>1</Count>
      </Card>
      <Card>
        <Id>BT_042</Id>
        <Count>2</Count>
      </Card>
      <Card>
        <Id>BT_709</Id>
        <Count>2</Count>
      </Card>
      <Card>
        <Id>EX1_124</Id>
        <Count>1</Count>
      </Card>
      <Card>
        <Id>BT_188</Id>
        <Count>1</Count>
      </Card>
      <Card>
        <Id>EX1_613</Id>
        <Count>1</Count>
      </Card>
      <Card>
        <Id>DAL_415</Id>
        <Count>2</Count>
      </Card>
      <Card>
        <Id>DRG_247</Id>
        <Count>2</Count>
      </Card>
      <Card>
        <Id>DRG_050</Id>
        <Count>2</Count>
      </Card>
      <Card>
        <Id>DRG_076</Id>
        <Count>2</Count>
      </Card>
      <Card>
        <Id>DRG_242</Id>
        <Count>2</Count>
      </Card>
      <Card>
        <Id>DRG_037</Id>
        <Count>1</Count>
      </Card>
      <Card>
        <Id>DAL_417</Id>
        <Count>1</Count>
      </Card>
      <Card>
        <Id>DRG_099</Id>
        <Count>1</Count>
      </Card>
      <Card>
        <Id>DRG_610</Id>
        <Count>1</Count>
      </Card>
    </Cards>
    <Class>Rogue</Class>
    <LastEdited>2020-05-05T21:25:58.7624636+02:00</LastEdited>
    <MissingCards />
    <Url />
    <Version>
      <Build>0</Build>
      <Major>1</Major>
      <Minor>0</Minor>
      <Revision>0</Revision>
    </Version>
    <DeckHistory />
    <Archived>false</Archived>
    <HsId>1939475902</HsId>
    <Note />
    <SelectedVersion>
      <Build>0</Build>
      <Major>1</Major>
      <Minor>0</Minor>
      <Revision>0</Revision>
    </SelectedVersion>
    <IsArenaDeck>false</IsArenaDeck>
    <IsDungeonDeck>false</IsDungeonDeck>
    <DeckId>b7f00dc1-2f00-4b2a-9f3b-be02832501d4</DeckId>
    <Name>Secrets</Name>
    <Tags />
  </Deck>
  <Deck>
    <Cards>
      <Card>
        <Id>DRG_303</Id>
        <Count>2</Count>
      </Card>
      <Card>
        <Id>BT_252</Id>
        <Count>2</Count>
      </Card>
      <Card>
        <Id>ULD_714</Id>
        <Count>2</Count>
      </Card>
      <Card>
        <Id>BT_254</Id>
        <Count>2</Count>
      </Card>
      <Card>
        <Id>EX1_622</Id>
        <Count>2</Count>
      </Card>
      <Card>
        <Id>EX1_339</Id>
        <Count>2</Count>
      </Card>
      <Card>
        <Id>BT_257</Id>
        <Count>1</Count>
      </Card>
      <Card>
        <Id>DRG_307</Id>
        <Count>2</Count>
      </Card>
      <Card>
        <Id>DAL_729</Id>
        <Count>1</Count>
      </Card>
      <Card>
        <Id>DRG_308</Id>
        <Count>1</Count>
      </Card>
      <Card>
        <Id>EX1_334</Id>
        <Count>1</Count>
      </Card>
      <Card>
        <Id>DRG_300</Id>
        <Count>2</Count>
      </Card>
      <Card>
        <Id>CS1_112</Id>
        <Count>2</Count>
      </Card>
      <Card>
        <Id>DRG_242</Id>
        <Count>2</Count>
      </Card>
      <Card>
        <Id>DRG_246</Id>
        <Count>2</Count>
      </Card>
      <Card>
        <Id>DRG_099</Id>
        <Count>1</Count>
      </Card>
      <Card>
        <Id>DRG_660</Id>
        <Count>1</Count>
      </Card>
      <Card>
        <Id>BT_198</Id>
        <Count>1</Count>
      </Card>
      <Card>
        <Id>DRG_090</Id>
        <Count>1</Count>
      </Card>
    </Cards>
    <Class>Priest</Class>
    <LastEdited>2020-05-05T21:25:58.7624636+02:00</LastEdited>
    <MissingCards />
    <Url />
    <Version>
      <Build>0</Build>
      <Major>1</Major>
      <Minor>0</Minor>
      <Revision>0</Revision>
    </Version>
    <DeckHistory />
    <Archived>false</Archived>
    <HsId>1941140629</HsId>
    <Note />
    <SelectedVersion>
      <Build>0</Build>
      <Major>1</Major>
      <Minor>0</Minor>
      <Revision>0</Revision>
    </SelectedVersion>
    <IsArenaDeck>false</IsArenaDeck>
    <IsDungeonDeck>false</IsDungeonDeck>
    <DeckId>10c09950-fa24-4097-850f-33e83ac33d59</DeckId>
    <Name>EZ wins</Name>
    <Tags />
  </Deck>
  <Deck>
    <Cards>
      <Card>
        <Id>BT_175</Id>
        <Count>2</Count>
      </Card>
      <Card>
        <Id>BT_351</Id>
        <Count>2</Count>
      </Card>
      <Card>
        <Id>DRG_239</Id>
        <Count>2</Count>
      </Card>
      <Card>
        <Id>BT_480</Id>
        <Count>2</Count>
      </Card>
      <Card>
        <Id>BT_753</Id>
        <Count>1</Count>
      </Card>
      <Card>
        <Id>BT_491</Id>
        <Count>2</Count>
      </Card>
      <Card>
        <Id>BT_922</Id>
        <Count>1</Count>
      </Card>
      <Card>
        <Id>BT_921</Id>
        <Count>1</Count>
      </Card>
      <Card>
        <Id>BT_801</Id>
        <Count>2</Count>
      </Card>
      <Card>
        <Id>BT_352</Id>
        <Count>2</Count>
      </Card>
      <Card>
        <Id>BT_937</Id>
        <Count>1</Count>
      </Card>
      <Card>
        <Id>BT_187</Id>
        <Count>1</Count>
      </Card>
      <Card>
        <Id>BT_416</Id>
        <Count>2</Count>
      </Card>
      <Card>
        <Id>BT_495</Id>
        <Count>2</Count>
      </Card>
      <Card>
        <Id>BT_429</Id>
        <Count>1</Count>
      </Card>
      <Card>
        <Id>BT_430</Id>
        <Count>2</Count>
      </Card>
      <Card>
        <Id>BT_601</Id>
        <Count>2</Count>
      </Card>
      <Card>
        <Id>BT_493</Id>
        <Count>2</Count>
      </Card>
    </Cards>
    <Class>DemonHunter</Class>
    <LastEdited>2020-05-06T10:42:55.3792104+02:00</LastEdited>
    <MissingCards />
    <Url />
    <Version>
      <Build>0</Build>
      <Major>1</Major>
      <Minor>1</Minor>
      <Revision>0</Revision>
    </Version>
    <DeckHistory>
      <Deck>
        <Cards>
          <Card>
            <Id>BT_175</Id>
            <Count>2</Count>
          </Card>
          <Card>
            <Id>BT_351</Id>
            <Count>2</Count>
          </Card>
          <Card>
            <Id>DRG_239</Id>
            <Count>2</Count>
          </Card>
          <Card>
            <Id>BT_480</Id>
            <Count>2</Count>
          </Card>
          <Card>
            <Id>BT_753</Id>
            <Count>1</Count>
          </Card>
          <Card>
            <Id>BT_035</Id>
            <Count>1</Count>
          </Card>
          <Card>
            <Id>BT_496</Id>
            <Count>1</Count>
          </Card>
          <Card>
            <Id>BT_491</Id>
            <Count>2</Count>
          </Card>
          <Card>
            <Id>BT_922</Id>
            <Count>1</Count>
          </Card>
          <Card>
            <Id>BT_921</Id>
            <Count>1</Count>
          </Card>
          <Card>
            <Id>BT_801</Id>
            <Count>2</Count>
          </Card>
          <Card>
            <Id>BT_352</Id>
            <Count>2</Count>
          </Card>
          <Card>
            <Id>BT_937</Id>
            <Count>1</Count>
          </Card>
          <Card>
            <Id>BT_187</Id>
            <Count>1</Count>
          </Card>
          <Card>
            <Id>BT_416</Id>
            <Count>2</Count>
          </Card>
          <Card>
            <Id>BT_429</Id>
            <Count>1</Count>
          </Card>
          <Card>
            <Id>BT_430</Id>
            <Count>2</Count>
          </Card>
          <Card>
            <Id>BT_601</Id>
            <Count>2</Count>
          </Card>
          <Card>
            <Id>BT_493</Id>
            <Count>2</Count>
          </Card>
        </Cards>
        <Class>DemonHunter</Class>
        <LastEdited>2020-05-05T21:25:58.7584634+02:00</LastEdited>
        <MissingCards />
        <Url />
        <Version>
          <Build>0</Build>
          <Major>1</Major>
          <Minor>0</Minor>
          <Revision>0</Revision>
        </Version>
        <DeckHistory />
        <Archived>false</Archived>
        <HsId>1925921447</HsId>
        <Note />
        <SelectedVersion>
          <Build>0</Build>
          <Major>1</Major>
          <Minor>0</Minor>
          <Revision>0</Revision>
        </SelectedVersion>
        <IsArenaDeck>false</IsArenaDeck>
        <IsDungeonDeck>false</IsDungeonDeck>
        <DeckId>c23d9b0d-d900-4d45-968a-3ea56fe3e0e1</DeckId>
        <Name>Morphosis</Name>
        <Tags />
      </Deck>
    </DeckHistory>
    <Archived>false</Archived>
    <HsId>1925921447</HsId>
    <Note />
    <SelectedVersion>
      <Build>0</Build>
      <Major>1</Major>
      <Minor>1</Minor>
      <Revision>0</Revision>
    </SelectedVersion>
    <IsArenaDeck>false</IsArenaDeck>
    <IsDungeonDeck>false</IsDungeonDeck>
    <DeckId>d8e08be3-5b57-409b-bb42-1a43ebf09d8b</DeckId>
    <Name>Morphosis</Name>
    <Tags />
  </Deck>
  <LastDeckClass>
    <DeckInfo>
      <Class>Paladin</Class>
      <Id>aa5efba2-19c4-4d8c-aaa0-6834372dc1e7</Id>
      <Name>MECH</Name>
    </DeckInfo>
    <DeckInfo>
      <Class>Shaman</Class>
      <Id>08d7f1fc-440d-4308-a436-4b6d878464ee</Id>
      <Name>Highlander Quest</Name>
    </DeckInfo>
    <DeckInfo>
      <Class>Warlock</Class>
      <Id>a7a37e8e-7e88-437b-8cb9-6bae110f1b46</Id>
      <Name>Plot Twist</Name>
    </DeckInfo>
    <DeckInfo>
      <Class>Mage</Class>
      <Id>a77f3823-8f51-4082-b881-0f5c2fcf7c18</Id>
      <Name>Tombs of Terror 07-04 12:39</Name>
    </DeckInfo>
    <DeckInfo>
      <Class>Priest</Class>
      <Id>25bea213-1a37-42e5-bf8d-6ce8b4ca712c</Id>
      <Name>EZ wins</Name>
    </DeckInfo>
    <DeckInfo>
      <Class>Hunter</Class>
      <Id>eb75a96c-f446-4690-8a5f-e35a4d676f6d</Id>
      <Name>Face Hunter</Name>
    </DeckInfo>
    <DeckInfo>
      <Class>Warrior</Class>
      <Id>a8f7f74d-1e29-4dbc-9040-6c1fdebb382c</Id>
      <Name>Teron</Name>
    </DeckInfo>
    <DeckInfo>
      <Class>Rogue</Class>
      <Id>b7f00dc1-2f00-4b2a-9f3b-be02832501d4</Id>
      <Name>Secrets</Name>
    </DeckInfo>
    <DeckInfo>
      <Class>DemonHunter</Class>
      <Id>d8e08be3-5b57-409b-bb42-1a43ebf09d8b</Id>
      <Name>Morphosis</Name>
    </DeckInfo>
  </LastDeckClass>
</Decks>