<?xml version="1.0" encoding="utf-8"?>
<Decks xmlns:xsi="http://www.w3.org/2001/XMLSchema-instance" xmlns:xsd="http://www.w3.org/2001/XMLSchema">
  <Tags>
    <Tag>All</Tag>
    <Tag>None</Tag>
    <Tag>Favorite</Tag>
  </Tags>
  <Deck>
    <Cards>
      <Card>
        <Id>DRG_239</Id>
        <Count>2</Count>
      </Card>
      <Card>
        <Id>DRG_253</Id>
        <Count>2</Count>
      </Card>
      <Card>
        <Id>DS1_184</Id>
        <Count>2</Count>
      </Card>
      <Card>
        <Id>DRG_006</Id>
        <Count>2</Count>
      </Card>
      <Card>
        <Id>EX1_610</Id>
        <Count>1</Count>
      </Card>
      <Card>
        <Id>NEW1_023</Id>
        <Count>2</Count>
      </Card>
      <Card>
        <Id>EX1_611</Id>
        <Count>1</Count>
      </Card>
      <Card>
        <Id>DRG_252</Id>
        <Count>2</Count>
      </Card>
      <Card>
        <Id>EX1_554</Id>
        <Count>1</Count>
      </Card>
      <Card>
        <Id>DRG_254</Id>
        <Count>2</Count>
      </Card>
      <Card>
        <Id>DRG_081</Id>
        <Count>2</Count>
      </Card>
      <Card>
        <Id>DRG_007</Id>
        <Count>2</Count>
      </Card>
      <Card>
        <Id>DRG_256</Id>
        <Count>1</Count>
      </Card>
      <Card>
        <Id>DRG_073</Id>
        <Count>2</Count>
      </Card>
      <Card>
        <Id>YOD_032</Id>
        <Count>2</Count>
      </Card>
      <Card>
        <Id>DRG_054</Id>
        <Count>2</Count>
      </Card>
      <Card>
        <Id>YOD_036</Id>
        <Count>2</Count>
      </Card>
    </Cards>
    <Class>Hunter</Class>
    <LastEdited>2020-04-10T17:09:20.3313516+02:00</LastEdited>
    <MissingCards />
    <Url />
    <Version>
      <Build>0</Build>
      <Major>1</Major>
      <Minor>0</Minor>
      <Revision>0</Revision>
    </Version>
    <DeckHistory />
    <Archived>false</Archived>
    <HsId>1915409470</HsId>
    <Note />
    <SelectedVersion>
      <Build>0</Build>
      <Major>1</Major>
      <Minor>0</Minor>
      <Revision>0</Revision>
    </SelectedVersion>
    <IsArenaDeck>false</IsArenaDeck>
    <IsDungeonDeck>false</IsDungeonDeck>
    <DeckId>ef96449e-278a-4641-842b-69b4aa9fca89</DeckId>
    <Name>Dragon</Name>
    <Tags />
  </Deck>
  <Deck>
    <Cards>
      <Card>
        <Id>DRG_051</Id>
        <Count>2</Count>
      </Card>
      <Card>
        <Id>DRG_318</Id>
        <Count>2</Count>
      </Card>
      <Card>
        <Id>BT_132</Id>
        <Count>2</Count>
      </Card>
      <Card>
        <Id>EX1_154</Id>
        <Count>2</Count>
      </Card>
      <Card>
        <Id>BT_134</Id>
        <Count>2</Count>
      </Card>
      <Card>
        <Id>BT_127</Id>
        <Count>2</Count>
      </Card>
      <Card>
        <Id>BT_130</Id>
        <Count>2</Count>
      </Card>
      <Card>
        <Id>CS2_012</Id>
        <Count>2</Count>
      </Card>
      <Card>
        <Id>ULD_138</Id>
        <Count>2</Count>
      </Card>
      <Card>
        <Id>DRG_313</Id>
        <Count>2</Count>
      </Card>
      <Card>
        <Id>DAL_774</Id>
        <Count>2</Count>
      </Card>
      <Card>
        <Id>ULD_273</Id>
        <Count>2</Count>
      </Card>
      <Card>
        <Id>YOD_003</Id>
        <Count>2</Count>
      </Card>
      <Card>
        <Id>DRG_213</Id>
        <Count>1</Count>
      </Card>
      <Card>
        <Id>EX1_561</Id>
        <Count>1</Count>
      </Card>
      <Card>
        <Id>EX1_572</Id>
        <Count>1</Count>
      </Card>
      <Card>
        <Id>DRG_320</Id>
        <Count>1</Count>
      </Card>
    </Cards>
    <Class>Druid</Class>
    <LastEdited>2020-04-10T17:09:20.3313516+02:00</LastEdited>
    <MissingCards />
    <Url />
    <Version>
      <Build>0</Build>
      <Major>1</Major>
      <Minor>0</Minor>
      <Revision>0</Revision>
    </Version>
    <DeckHistory />
    <Archived>false</Archived>
    <HsId>1924166375</HsId>
    <Note />
    <SelectedVersion>
      <Build>0</Build>
      <Major>1</Major>
      <Minor>0</Minor>
      <Revision>0</Revision>
    </SelectedVersion>
    <IsArenaDeck>false</IsArenaDeck>
    <IsDungeonDeck>false</IsDungeonDeck>
    <DeckId>5f0256cf-2487-4950-bec5-f51e3be10a93</DeckId>
    <Name>Exotic</Name>
    <Tags />
  </Deck>
  <Deck>
    <Cards>
      <Card>
        <Id>EX1_607</Id>
        <Count>2</Count>
      </Card>
      <Card>
        <Id>YOD_022</Id>
        <Count>2</Count>
      </Card>
      <Card>
        <Id>DRG_024</Id>
        <Count>2</Count>
      </Card>
      <Card>
        <Id>EX1_402</Id>
        <Count>2</Count>
      </Card>
      <Card>
        <Id>EX1_392</Id>
        <Count>2</Count>
      </Card>
      <Card>
        <Id>BT_124</Id>
        <Count>2</Count>
      </Card>
      <Card>
        <Id>ULD_271</Id>
        <Count>2</Count>
      </Card>
      <Card>
        <Id>CS2_104</Id>
        <Count>2</Count>
      </Card>
      <Card>
        <Id>ULD_174</Id>
        <Count>2</Count>
      </Card>
      <Card>
        <Id>DRG_025</Id>
        <Count>1</Count>
      </Card>
      <Card>
        <Id>ULD_720</Id>
        <Count>2</Count>
      </Card>
      <Card>
        <Id>YOD_024</Id>
        <Count>2</Count>
      </Card>
      <Card>
        <Id>ULD_708</Id>
        <Count>2</Count>
      </Card>
      <Card>
        <Id>BT_126</Id>
        <Count>1</Count>
      </Card>
      <Card>
        <Id>NEW1_011</Id>
        <Count>2</Count>
      </Card>
      <Card>
        <Id>BT_138</Id>
        <Count>2</Count>
      </Card>
    </Cards>
    <Class>Warrior</Class>
    <LastEdited>2020-04-11T16:33:12.2986889+02:00</LastEdited>
    <MissingCards />
    <Url />
    <Version>
      <Build>0</Build>
      <Major>1</Major>
      <Minor>0</Minor>
      <Revision>0</Revision>
    </Version>
    <DeckHistory />
    <Archived>false</Archived>
    <HsId>1926972494</HsId>
    <Note />
    <SelectedVersion>
      <Build>0</Build>
      <Major>1</Major>
      <Minor>0</Minor>
      <Revision>0</Revision>
    </SelectedVersion>
    <IsArenaDeck>false</IsArenaDeck>
    <IsDungeonDeck>false</IsDungeonDeck>
    <DeckId>e32306a8-2d3b-432a-8f9c-b963c2c03d29</DeckId>
    <Name>Teron</Name>
    <Tags />
  </Deck>
  <Deck>
    <Cards>
      <Card>
        <Id>BT_175</Id>
        <Count>2</Count>
      </Card>
      <Card>
        <Id>BT_351</Id>
        <Count>2</Count>
      </Card>
      <Card>
        <Id>DRG_239</Id>
        <Count>2</Count>
      </Card>
      <Card>
        <Id>BT_480</Id>
        <Count>2</Count>
      </Card>
      <Card>
        <Id>BT_753</Id>
        <Count>1</Count>
      </Card>
      <Card>
        <Id>BT_035</Id>
        <Count>1</Count>
      </Card>
      <Card>
        <Id>BT_496</Id>
        <Count>2</Count>
      </Card>
      <Card>
        <Id>BT_491</Id>
        <Count>2</Count>
      </Card>
      <Card>
        <Id>BT_922</Id>
        <Count>1</Count>
      </Card>
      <Card>
        <Id>BT_921</Id>
        <Count>1</Count>
      </Card>
      <Card>
        <Id>BT_937</Id>
        <Count>1</Count>
      </Card>
      <Card>
        <Id>BT_801</Id>
        <Count>2</Count>
      </Card>
      <Card>
        <Id>BT_352</Id>
        <Count>2</Count>
      </Card>
      <Card>
        <Id>YOD_032</Id>
        <Count>2</Count>
      </Card>
      <Card>
        <Id>BT_187</Id>
        <Count>1</Count>
      </Card>
      <Card>
        <Id>BT_737</Id>
        <Count>1</Count>
      </Card>
      <Card>
        <Id>BT_429</Id>
        <Count>1</Count>
      </Card>
      <Card>
        <Id>BT_430</Id>
        <Count>2</Count>
      </Card>
      <Card>
        <Id>BT_601</Id>
        <Count>2</Count>
      </Card>
    </Cards>
    <Class>DemonHunter</Class>
    <LastEdited>2020-04-11T19:59:34.3633825+02:00</LastEdited>
    <MissingCards />
    <Url />
    <Version>
      <Build>0</Build>
      <Major>2</Major>
      <Minor>3</Minor>
      <Revision>0</Revision>
    </Version>
    <DeckHistory>
      <Deck>
        <Cards>
          <Card>
            <Id>BT_175</Id>
            <Count>2</Count>
          </Card>
          <Card>
            <Id>BT_351</Id>
            <Count>2</Count>
          </Card>
          <Card>
            <Id>DRG_239</Id>
            <Count>2</Count>
          </Card>
          <Card>
            <Id>BT_480</Id>
            <Count>2</Count>
          </Card>
          <Card>
            <Id>BT_753</Id>
            <Count>1</Count>
          </Card>
          <Card>
            <Id>BT_323</Id>
            <Count>2</Count>
          </Card>
          <Card>
            <Id>BT_491</Id>
            <Count>2</Count>
          </Card>
          <Card>
            <Id>BT_922</Id>
            <Count>2</Count>
          </Card>
          <Card>
            <Id>BT_937</Id>
            <Count>1</Count>
          </Card>
          <Card>
            <Id>BT_801</Id>
            <Count>2</Count>
          </Card>
          <Card>
            <Id>BT_352</Id>
            <Count>2</Count>
          </Card>
          <Card>
            <Id>YOD_032</Id>
            <Count>2</Count>
          </Card>
          <Card>
            <Id>BT_187</Id>
            <Count>1</Count>
          </Card>
          <Card>
            <Id>BT_429</Id>
            <Count>1</Count>
          </Card>
          <Card>
            <Id>BT_430</Id>
            <Count>2</Count>
          </Card>
          <Card>
            <Id>BT_601</Id>
            <Count>2</Count>
          </Card>
          <Card>
            <Id>BT_493</Id>
            <Count>2</Count>
          </Card>
        </Cards>
        <Class>DemonHunter</Class>
        <LastEdited>2020-04-10T17:09:20.3323276+02:00</LastEdited>
        <MissingCards />
        <Url />
        <Version>
          <Build>0</Build>
          <Major>1</Major>
          <Minor>0</Minor>
          <Revision>0</Revision>
        </Version>
        <DeckHistory />
        <Archived>false</Archived>
        <HsId>1925921447</HsId>
        <Note />
        <SelectedVersion>
          <Build>0</Build>
          <Major>1</Major>
          <Minor>0</Minor>
          <Revision>0</Revision>
        </SelectedVersion>
        <IsArenaDeck>false</IsArenaDeck>
        <IsDungeonDeck>false</IsDungeonDeck>
        <DeckId>fbbf7745-1a0d-472e-bae9-4608b7449db6</DeckId>
        <Name>Morphosis</Name>
        <Tags />
      </Deck>
      <Deck>
        <Cards>
          <Card>
            <Id>BT_175</Id>
            <Count>2</Count>
          </Card>
          <Card>
            <Id>BT_351</Id>
            <Count>2</Count>
          </Card>
          <Card>
            <Id>DRG_239</Id>
            <Count>2</Count>
          </Card>
          <Card>
            <Id>BT_480</Id>
            <Count>2</Count>
          </Card>
          <Card>
            <Id>BT_496</Id>
            <Count>2</Count>
          </Card>
          <Card>
            <Id>BT_491</Id>
            <Count>2</Count>
          </Card>
          <Card>
            <Id>BT_922</Id>
            <Count>2</Count>
          </Card>
          <Card>
            <Id>BT_937</Id>
            <Count>1</Count>
          </Card>
          <Card>
            <Id>BT_801</Id>
            <Count>2</Count>
          </Card>
          <Card>
            <Id>BT_352</Id>
            <Count>2</Count>
          </Card>
          <Card>
            <Id>YOD_032</Id>
            <Count>2</Count>
          </Card>
          <Card>
            <Id>BT_187</Id>
            <Count>1</Count>
          </Card>
          <Card>
            <Id>BT_737</Id>
            <Count>1</Count>
          </Card>
          <Card>
            <Id>BT_495</Id>
            <Count>2</Count>
          </Card>
          <Card>
            <Id>BT_429</Id>
            <Count>1</Count>
          </Card>
          <Card>
            <Id>BT_430</Id>
            <Count>2</Count>
          </Card>
          <Card>
            <Id>BT_601</Id>
            <Count>2</Count>
          </Card>
        </Cards>
        <Class>DemonHunter</Class>
        <LastEdited>2020-04-11T17:35:09.3326481+02:00</LastEdited>
        <MissingCards />
        <Url />
        <Version>
          <Build>0</Build>
          <Major>2</Major>
          <Minor>0</Minor>
          <Revision>0</Revision>
        </Version>
        <DeckHistory />
        <Archived>false</Archived>
        <HsId>1925921447</HsId>
        <Note />
        <SelectedVersion>
          <Build>0</Build>
          <Major>2</Major>
          <Minor>0</Minor>
          <Revision>0</Revision>
        </SelectedVersion>
        <IsArenaDeck>false</IsArenaDeck>
        <IsDungeonDeck>false</IsDungeonDeck>
        <DeckId>52c55b96-f342-43e0-85bc-3d6ff858a529</DeckId>
        <Name>Morphosis</Name>
        <Tags />
      </Deck>
      <Deck>
        <Cards>
          <Card>
            <Id>BT_175</Id>
            <Count>2</Count>
          </Card>
          <Card>
            <Id>BT_351</Id>
            <Count>2</Count>
          </Card>
          <Card>
            <Id>DRG_239</Id>
            <Count>2</Count>
          </Card>
          <Card>
            <Id>BT_480</Id>
            <Count>2</Count>
          </Card>
          <Card>
            <Id>BT_753</Id>
            <Count>1</Count>
          </Card>
          <Card>
            <Id>BT_496</Id>
            <Count>2</Count>
          </Card>
          <Card>
            <Id>BT_491</Id>
            <Count>2</Count>
          </Card>
          <Card>
            <Id>BT_922</Id>
            <Count>2</Count>
          </Card>
          <Card>
            <Id>BT_937</Id>
            <Count>1</Count>
          </Card>
          <Card>
            <Id>BT_801</Id>
            <Count>2</Count>
          </Card>
          <Card>
            <Id>BT_352</Id>
            <Count>2</Count>
          </Card>
          <Card>
            <Id>YOD_032</Id>
            <Count>2</Count>
          </Card>
          <Card>
            <Id>BT_187</Id>
            <Count>1</Count>
          </Card>
          <Card>
            <Id>BT_737</Id>
            <Count>1</Count>
          </Card>
          <Card>
            <Id>BT_495</Id>
            <Count>1</Count>
          </Card>
          <Card>
            <Id>BT_429</Id>
            <Count>1</Count>
          </Card>
          <Card>
            <Id>BT_430</Id>
            <Count>2</Count>
          </Card>
          <Card>
            <Id>BT_601</Id>
            <Count>2</Count>
          </Card>
        </Cards>
        <Class>DemonHunter</Class>
        <LastEdited>2020-04-11T19:13:03.4841244+02:00</LastEdited>
        <MissingCards />
        <Url />
        <Version>
          <Build>0</Build>
          <Major>2</Major>
          <Minor>1</Minor>
          <Revision>0</Revision>
        </Version>
        <DeckHistory />
        <Archived>false</Archived>
        <HsId>1925921447</HsId>
        <Note />
        <SelectedVersion>
          <Build>0</Build>
          <Major>2</Major>
          <Minor>1</Minor>
          <Revision>0</Revision>
        </SelectedVersion>
        <IsArenaDeck>false</IsArenaDeck>
        <IsDungeonDeck>false</IsDungeonDeck>
        <DeckId>09456bbf-82d1-45d2-b504-bccd53380e84</DeckId>
        <Name>Morphosis</Name>
        <Tags />
      </Deck>
      <Deck>
        <Cards>
          <Card>
            <Id>BT_175</Id>
            <Count>2</Count>
          </Card>
          <Card>
            <Id>BT_351</Id>
            <Count>2</Count>
          </Card>
          <Card>
            <Id>DRG_239</Id>
            <Count>2</Count>
          </Card>
          <Card>
            <Id>BT_480</Id>
            <Count>2</Count>
          </Card>
          <Card>
            <Id>BT_753</Id>
            <Count>1</Count>
          </Card>
          <Card>
            <Id>BT_035</Id>
            <Count>1</Count>
          </Card>
          <Card>
            <Id>BT_496</Id>
            <Count>2</Count>
          </Card>
          <Card>
            <Id>BT_491</Id>
            <Count>2</Count>
          </Card>
          <Card>
            <Id>BT_922</Id>
            <Count>2</Count>
          </Card>
          <Card>
            <Id>BT_937</Id>
            <Count>1</Count>
          </Card>
          <Card>
            <Id>BT_801</Id>
            <Count>2</Count>
          </Card>
          <Card>
            <Id>BT_352</Id>
            <Count>2</Count>
          </Card>
          <Card>
            <Id>YOD_032</Id>
            <Count>2</Count>
          </Card>
          <Card>
            <Id>BT_187</Id>
            <Count>1</Count>
          </Card>
          <Card>
            <Id>BT_737</Id>
            <Count>1</Count>
          </Card>
          <Card>
            <Id>BT_429</Id>
            <Count>1</Count>
          </Card>
          <Card>
            <Id>BT_430</Id>
            <Count>2</Count>
          </Card>
          <Card>
            <Id>BT_601</Id>
            <Count>2</Count>
          </Card>
        </Cards>
        <Class>DemonHunter</Class>
        <LastEdited>2020-04-11T19:21:46.1892068+02:00</LastEdited>
        <MissingCards />
        <Url />
        <Version>
          <Build>0</Build>
          <Major>2</Major>
          <Minor>2</Minor>
          <Revision>0</Revision>
        </Version>
        <DeckHistory />
        <Archived>false</Archived>
        <HsId>1925921447</HsId>
        <Note />
        <SelectedVersion>
          <Build>0</Build>
          <Major>2</Major>
          <Minor>2</Minor>
          <Revision>0</Revision>
        </SelectedVersion>
        <IsArenaDeck>false</IsArenaDeck>
        <IsDungeonDeck>false</IsDungeonDeck>
        <DeckId>36a87979-8b74-4f0e-af67-210549adf548</DeckId>
        <Name>Morphosis</Name>
        <Tags />
      </Deck>
    </DeckHistory>
    <Archived>false</Archived>
    <HsId>1925921447</HsId>
    <Note />
    <SelectedVersion>
      <Build>0</Build>
      <Major>2</Major>
      <Minor>3</Minor>
      <Revision>0</Revision>
    </SelectedVersion>
    <IsArenaDeck>false</IsArenaDeck>
    <IsDungeonDeck>false</IsDungeonDeck>
    <DeckId>f8491c45-4aca-4882-bdd8-235cca41dcb9</DeckId>
    <Name>Morphosis</Name>
    <Tags />
  </Deck>
  <Deck>
    <Cards>
      <Card>
        <Id>BT_175</Id>
        <Count>2</Count>
      </Card>
      <Card>
        <Id>BT_490</Id>
        <Count>2</Count>
      </Card>
      <Card>
        <Id>BT_480</Id>
        <Count>2</Count>
      </Card>
      <Card>
        <Id>BT_753</Id>
        <Count>2</Count>
      </Card>
      <Card>
        <Id>EX1_012</Id>
        <Count>1</Count>
      </Card>
      <Card>
        <Id>BT_035</Id>
        <Count>2</Count>
      </Card>
      <Card>
        <Id>BT_514</Id>
        <Count>2</Count>
      </Card>
      <Card>
        <Id>EX1_015</Id>
        <Count>2</Count>
      </Card>
      <Card>
        <Id>BT_491</Id>
        <Count>2</Count>
      </Card>
      <Card>
        <Id>ULD_003</Id>
        <Count>1</Count>
      </Card>
      <Card>
        <Id>BT_921</Id>
        <Count>2</Count>
      </Card>
      <Card>
        <Id>BT_937</Id>
        <Count>1</Count>
      </Card>
      <Card>
        <Id>BT_801</Id>
        <Count>2</Count>
      </Card>
      <Card>
        <Id>BT_187</Id>
        <Count>1</Count>
      </Card>
      <Card>
        <Id>BT_429</Id>
        <Count>1</Count>
      </Card>
      <Card>
        <Id>BT_255</Id>
        <Count>1</Count>
      </Card>
      <Card>
        <Id>BT_601</Id>
        <Count>2</Count>
      </Card>
      <Card>
        <Id>BT_512</Id>
        <Count>2</Count>
      </Card>
    </Cards>
    <Class>DemonHunter</Class>
    <LastEdited>2020-04-13T15:54:57.2883877+02:00</LastEdited>
    <MissingCards />
    <Url />
    <Version>
      <Build>0</Build>
      <Major>1</Major>
      <Minor>0</Minor>
      <Revision>0</Revision>
    </Version>
    <DeckHistory />
    <Archived>false</Archived>
    <HsId>1928021721</HsId>
    <Note />
    <SelectedVersion>
      <Build>0</Build>
      <Major>1</Major>
      <Minor>0</Minor>
      <Revision>0</Revision>
    </SelectedVersion>
    <IsArenaDeck>false</IsArenaDeck>
    <IsDungeonDeck>false</IsDungeonDeck>
    <DeckId>93fe1080-44f6-4d3c-b67f-ebd2f138437c</DeckId>
    <Name>OTK</Name>
    <Tags />
  </Deck>
  <Deck>
    <Cards>
      <Card>
        <Id>EX1_169</Id>
        <Count>2</Count>
      </Card>
      <Card>
        <Id>BT_128</Id>
        <Count>2</Count>
      </Card>
      <Card>
        <Id>BT_132</Id>
        <Count>2</Count>
      </Card>
      <Card>
        <Id>EX1_160</Id>
        <Count>2</Count>
      </Card>
      <Card>
        <Id>EX1_154</Id>
        <Count>2</Count>
      </Card>
      <Card>
        <Id>BT_134</Id>
        <Count>2</Count>
      </Card>
      <Card>
        <Id>CS2_011</Id>
        <Count>1</Count>
      </Card>
      <Card>
        <Id>BT_130</Id>
        <Count>2</Count>
      </Card>
      <Card>
        <Id>DRG_314</Id>
        <Count>1</Count>
      </Card>
      <Card>
        <Id>ULD_138</Id>
        <Count>2</Count>
      </Card>
      <Card>
        <Id>EX1_571</Id>
        <Count>2</Count>
      </Card>
      <Card>
        <Id>BT_135</Id>
        <Count>2</Count>
      </Card>
      <Card>
        <Id>NEW1_007</Id>
        <Count>2</Count>
      </Card>
      <Card>
        <Id>BT_255</Id>
        <Count>1</Count>
      </Card>
      <Card>
        <Id>ULD_273</Id>
        <Count>2</Count>
      </Card>
      <Card>
        <Id>EX1_183</Id>
        <Count>2</Count>
      </Card>
      <Card>
        <Id>DAL_256</Id>
        <Count>1</Count>
      </Card>
    </Cards>
    <Class>Druid</Class>
    <LastEdited>2020-04-17T20:15:14.5388074+02:00</LastEdited>
    <MissingCards />
    <Url />
    <Version>
      <Build>0</Build>
      <Major>1</Major>
      <Minor>2</Minor>
      <Revision>0</Revision>
    </Version>
    <DeckHistory>
      <Deck>
        <Cards>
          <Card>
            <Id>EX1_169</Id>
            <Count>2</Count>
          </Card>
          <Card>
            <Id>BT_128</Id>
            <Count>2</Count>
          </Card>
          <Card>
            <Id>BT_132</Id>
            <Count>2</Count>
          </Card>
          <Card>
            <Id>EX1_160</Id>
            <Count>2</Count>
          </Card>
          <Card>
            <Id>EX1_154</Id>
            <Count>2</Count>
          </Card>
          <Card>
            <Id>BT_134</Id>
            <Count>2</Count>
          </Card>
          <Card>
            <Id>CS2_011</Id>
            <Count>1</Count>
          </Card>
          <Card>
            <Id>BT_130</Id>
            <Count>2</Count>
          </Card>
          <Card>
            <Id>EX1_158</Id>
            <Count>1</Count>
          </Card>
          <Card>
            <Id>DRG_314</Id>
            <Count>2</Count>
          </Card>
          <Card>
            <Id>ULD_138</Id>
            <Count>2</Count>
          </Card>
          <Card>
            <Id>EX1_571</Id>
            <Count>2</Count>
          </Card>
          <Card>
            <Id>BT_135</Id>
            <Count>2</Count>
          </Card>
          <Card>
            <Id>BT_255</Id>
            <Count>1</Count>
          </Card>
          <Card>
            <Id>ULD_273</Id>
            <Count>2</Count>
          </Card>
          <Card>
            <Id>EX1_183</Id>
            <Count>2</Count>
          </Card>
          <Card>
            <Id>DAL_256</Id>
            <Count>1</Count>
          </Card>
        </Cards>
        <Class>Druid</Class>
        <LastEdited>2020-04-10T17:09:20.3323276+02:00</LastEdited>
        <MissingCards />
        <Url />
        <Version>
          <Build>0</Build>
          <Major>1</Major>
          <Minor>0</Minor>
          <Revision>0</Revision>
        </Version>
        <DeckHistory />
        <Archived>false</Archived>
        <HsId>1924898972</HsId>
        <Note />
        <SelectedVersion>
          <Build>0</Build>
          <Major>1</Major>
          <Minor>0</Minor>
          <Revision>0</Revision>
        </SelectedVersion>
        <IsArenaDeck>false</IsArenaDeck>
        <IsDungeonDeck>false</IsDungeonDeck>
        <DeckId>c30fffe6-b036-4e56-b587-a203b21c9d0b</DeckId>
        <Name>Spells</Name>
        <Tags />
      </Deck>
      <Deck>
        <Cards>
          <Card>
            <Id>EX1_169</Id>
            <Count>2</Count>
          </Card>
          <Card>
            <Id>BT_128</Id>
            <Count>2</Count>
          </Card>
          <Card>
            <Id>BT_132</Id>
            <Count>2</Count>
          </Card>
          <Card>
            <Id>EX1_160</Id>
            <Count>2</Count>
          </Card>
          <Card>
            <Id>EX1_154</Id>
            <Count>2</Count>
          </Card>
          <Card>
            <Id>BT_134</Id>
            <Count>2</Count>
          </Card>
          <Card>
            <Id>DRG_068</Id>
            <Count>1</Count>
          </Card>
          <Card>
            <Id>CS2_011</Id>
            <Count>1</Count>
          </Card>
          <Card>
            <Id>BT_130</Id>
            <Count>2</Count>
          </Card>
          <Card>
            <Id>CS2_012</Id>
            <Count>1</Count>
          </Card>
          <Card>
            <Id>DRG_314</Id>
            <Count>1</Count>
          </Card>
          <Card>
            <Id>ULD_138</Id>
            <Count>2</Count>
          </Card>
          <Card>
            <Id>EX1_571</Id>
            <Count>2</Count>
          </Card>
          <Card>
            <Id>BT_135</Id>
            <Count>2</Count>
          </Card>
          <Card>
            <Id>BT_255</Id>
            <Count>1</Count>
          </Card>
          <Card>
            <Id>ULD_273</Id>
            <Count>2</Count>
          </Card>
          <Card>
            <Id>EX1_183</Id>
            <Count>2</Count>
          </Card>
          <Card>
            <Id>DAL_256</Id>
            <Count>1</Count>
          </Card>
        </Cards>
        <Class>Druid</Class>
        <LastEdited>2020-04-14T20:29:35.3005675+02:00</LastEdited>
        <MissingCards />
        <Url />
        <Version>
          <Build>0</Build>
          <Major>1</Major>
          <Minor>1</Minor>
          <Revision>0</Revision>
        </Version>
        <DeckHistory />
        <Archived>false</Archived>
        <HsId>1924898972</HsId>
        <Note />
        <SelectedVersion>
          <Build>0</Build>
          <Major>1</Major>
          <Minor>1</Minor>
          <Revision>0</Revision>
        </SelectedVersion>
        <IsArenaDeck>false</IsArenaDeck>
        <IsDungeonDeck>false</IsDungeonDeck>
        <DeckId>eaa7f8f0-279e-4f6f-af73-4acd4807e226</DeckId>
        <Name>Spells</Name>
        <Tags />
      </Deck>
    </DeckHistory>
    <Archived>false</Archived>
    <HsId>1924898972</HsId>
    <Note />
    <SelectedVersion>
      <Build>0</Build>
      <Major>1</Major>
      <Minor>2</Minor>
      <Revision>0</Revision>
    </SelectedVersion>
    <IsArenaDeck>false</IsArenaDeck>
    <IsDungeonDeck>false</IsDungeonDeck>
    <DeckId>aa72502c-d90b-41d6-848e-49c64e272d4c</DeckId>
    <Name>Spells</Name>
    <Tags />
  </Deck>
  <Deck>
    <Cards>
      <Card>
        <Id>EX1_169</Id>
        <Count>2</Count>
      </Card>
      <Card>
        <Id>DAL_350</Id>
        <Count>2</Count>
      </Card>
      <Card>
        <Id>BT_128</Id>
        <Count>2</Count>
      </Card>
      <Card>
        <Id>BT_132</Id>
        <Count>2</Count>
      </Card>
      <Card>
        <Id>EX1_160</Id>
        <Count>2</Count>
      </Card>
      <Card>
        <Id>ULD_134</Id>
        <Count>1</Count>
      </Card>
      <Card>
        <Id>BT_134</Id>
        <Count>2</Count>
      </Card>
      <Card>
        <Id>CS2_011</Id>
        <Count>1</Count>
      </Card>
      <Card>
        <Id>BT_130</Id>
        <Count>2</Count>
      </Card>
      <Card>
        <Id>EX1_158</Id>
        <Count>1</Count>
      </Card>
      <Card>
        <Id>DRG_314</Id>
        <Count>1</Count>
      </Card>
      <Card>
        <Id>ULD_138</Id>
        <Count>2</Count>
      </Card>
      <Card>
        <Id>EX1_571</Id>
        <Count>1</Count>
      </Card>
      <Card>
        <Id>BT_135</Id>
        <Count>2</Count>
      </Card>
      <Card>
        <Id>NEW1_007</Id>
        <Count>1</Count>
      </Card>
      <Card>
        <Id>BT_255</Id>
        <Count>1</Count>
      </Card>
      <Card>
        <Id>DAL_774</Id>
        <Count>1</Count>
      </Card>
      <Card>
        <Id>ULD_273</Id>
        <Count>2</Count>
      </Card>
      <Card>
        <Id>EX1_183</Id>
        <Count>1</Count>
      </Card>
      <Card>
        <Id>DAL_256</Id>
        <Count>1</Count>
      </Card>
    </Cards>
    <Class>Druid</Class>
    <LastEdited>2020-04-19T16:03:37.7773527+02:00</LastEdited>
    <MissingCards />
    <Url />
    <Version>
      <Build>0</Build>
      <Major>1</Major>
      <Minor>0</Minor>
      <Revision>0</Revision>
    </Version>
    <DeckHistory />
    <Archived>false</Archived>
    <HsId>1932339800</HsId>
    <Note />
    <SelectedVersion>
      <Build>0</Build>
      <Major>1</Major>
      <Minor>0</Minor>
      <Revision>0</Revision>
    </SelectedVersion>
    <IsArenaDeck>false</IsArenaDeck>
    <IsDungeonDeck>false</IsDungeonDeck>
    <DeckId>92a4fe01-01f3-47eb-8637-a3ba71b0a485</DeckId>
    <Name>Spells</Name>
    <Tags />
  </Deck>
  <Deck>
    <Cards>
      <Card>
        <Id>EX1_607</Id>
        <Count>2</Count>
      </Card>
      <Card>
        <Id>YOD_022</Id>
        <Count>2</Count>
      </Card>
      <Card>
        <Id>DRG_024</Id>
        <Count>2</Count>
      </Card>
      <Card>
        <Id>EX1_402</Id>
        <Count>2</Count>
      </Card>
      <Card>
        <Id>EX1_392</Id>
        <Count>2</Count>
      </Card>
      <Card>
        <Id>BT_124</Id>
        <Count>2</Count>
      </Card>
      <Card>
        <Id>ULD_271</Id>
        <Count>2</Count>
      </Card>
      <Card>
        <Id>CS2_104</Id>
        <Count>2</Count>
      </Card>
      <Card>
        <Id>DRG_025</Id>
        <Count>1</Count>
      </Card>
      <Card>
        <Id>ULD_720</Id>
        <Count>2</Count>
      </Card>
      <Card>
        <Id>YOD_024</Id>
        <Count>2</Count>
      </Card>
      <Card>
        <Id>BT_120</Id>
        <Count>2</Count>
      </Card>
      <Card>
        <Id>BT_123</Id>
        <Count>1</Count>
      </Card>
      <Card>
        <Id>NEW1_011</Id>
        <Count>1</Count>
      </Card>
      <Card>
        <Id>DAL_063</Id>
        <Count>2</Count>
      </Card>
      <Card>
        <Id>DAL_064</Id>
        <Count>1</Count>
      </Card>
      <Card>
        <Id>BT_138</Id>
        <Count>2</Count>
      </Card>
    </Cards>
    <Class>Warrior</Class>
    <LastEdited>2020-04-22T20:42:53.7896037+02:00</LastEdited>
    <MissingCards />
    <Url />
    <Version>
      <Build>0</Build>
      <Major>2</Major>
      <Minor>0</Minor>
      <Revision>0</Revision>
    </Version>
    <DeckHistory>
      <Deck>
        <Cards>
          <Card>
            <Id>EX1_607</Id>
            <Count>2</Count>
          </Card>
          <Card>
            <Id>YOD_022</Id>
            <Count>2</Count>
          </Card>
          <Card>
            <Id>DRG_024</Id>
            <Count>2</Count>
          </Card>
          <Card>
            <Id>EX1_402</Id>
            <Count>2</Count>
          </Card>
          <Card>
            <Id>EX1_392</Id>
            <Count>2</Count>
          </Card>
          <Card>
            <Id>BT_124</Id>
            <Count>2</Count>
          </Card>
          <Card>
            <Id>EX1_603</Id>
            <Count>1</Count>
          </Card>
          <Card>
            <Id>ULD_271</Id>
            <Count>2</Count>
          </Card>
          <Card>
            <Id>CS2_104</Id>
            <Count>2</Count>
          </Card>
          <Card>
            <Id>ULD_174</Id>
            <Count>2</Count>
          </Card>
          <Card>
            <Id>DRG_025</Id>
            <Count>1</Count>
          </Card>
          <Card>
            <Id>ULD_720</Id>
            <Count>2</Count>
          </Card>
          <Card>
            <Id>EX1_604</Id>
            <Count>2</Count>
          </Card>
          <Card>
            <Id>ULD_708</Id>
            <Count>1</Count>
          </Card>
          <Card>
            <Id>BT_126</Id>
            <Count>1</Count>
          </Card>
          <Card>
            <Id>BT_120</Id>
            <Count>2</Count>
          </Card>
          <Card>
            <Id>BT_138</Id>
            <Count>2</Count>
          </Card>
        </Cards>
        <Class>Warrior</Class>
        <LastEdited>2020-04-18T15:11:45.4193758+02:00</LastEdited>
        <MissingCards />
        <Url />
        <Version>
          <Build>0</Build>
          <Major>1</Major>
          <Minor>0</Minor>
          <Revision>0</Revision>
        </Version>
        <DeckHistory />
        <Archived>false</Archived>
        <HsId>1931781678</HsId>
        <Note />
        <SelectedVersion>
          <Build>0</Build>
          <Major>1</Major>
          <Minor>0</Minor>
          <Revision>0</Revision>
        </SelectedVersion>
        <IsArenaDeck>false</IsArenaDeck>
        <IsDungeonDeck>false</IsDungeonDeck>
        <DeckId>c287d4fa-085c-4419-bb90-7666fbf5c73a</DeckId>
        <Name>Warmaul</Name>
        <Tags />
      </Deck>
    </DeckHistory>
    <Archived>false</Archived>
    <HsId>1931781678</HsId>
    <Note />
    <SelectedVersion>
      <Build>0</Build>
      <Major>2</Major>
      <Minor>0</Minor>
      <Revision>0</Revision>
    </SelectedVersion>
    <IsArenaDeck>false</IsArenaDeck>
    <IsDungeonDeck>false</IsDungeonDeck>
    <DeckId>52315ec3-6b6a-42ef-99f9-71604e2c2d64</DeckId>
    <Name>Prime</Name>
    <Tags />
  </Deck>
  <Deck>
    <Cards>
      <Card>
        <Id>CS2_004</Id>
        <Count>2</Count>
      </Card>
      <Card>
        <Id>DRG_303</Id>
        <Count>2</Count>
      </Card>
      <Card>
        <Id>CS2_003</Id>
        <Count>2</Count>
      </Card>
      <Card>
        <Id>BT_252</Id>
        <Count>2</Count>
      </Card>
      <Card>
        <Id>ULD_714</Id>
        <Count>2</Count>
      </Card>
      <Card>
        <Id>EX1_622</Id>
        <Count>2</Count>
      </Card>
      <Card>
        <Id>EX1_339</Id>
        <Count>2</Count>
      </Card>
      <Card>
        <Id>DRG_050</Id>
        <Count>2</Count>
      </Card>
      <Card>
        <Id>CS1_112</Id>
        <Count>2</Count>
      </Card>
      <Card>
        <Id>DAL_039</Id>
        <Count>2</Count>
      </Card>
      <Card>
        <Id>DRG_242</Id>
        <Count>2</Count>
      </Card>
      <Card>
        <Id>DRG_246</Id>
        <Count>2</Count>
      </Card>
      <Card>
        <Id>DRG_099</Id>
        <Count>1</Count>
      </Card>
      <Card>
        <Id>DAL_774</Id>
        <Count>2</Count>
      </Card>
      <Card>
        <Id>DRG_660</Id>
        <Count>1</Count>
      </Card>
      <Card>
        <Id>DAL_724</Id>
        <Count>1</Count>
      </Card>
      <Card>
        <Id>ULD_718</Id>
        <Count>1</Count>
      </Card>
    </Cards>
    <Class>Priest</Class>
    <LastEdited>2020-04-24T17:49:44.2219696+02:00</LastEdited>
    <MissingCards />
    <Url />
    <Version>
      <Build>0</Build>
      <Major>1</Major>
      <Minor>0</Minor>
      <Revision>0</Revision>
    </Version>
    <DeckHistory />
    <Archived>false</Archived>
    <HsId>1935457235</HsId>
    <Note />
    <SelectedVersion>
      <Build>0</Build>
      <Major>1</Major>
      <Minor>0</Minor>
      <Revision>0</Revision>
    </SelectedVersion>
    <IsArenaDeck>false</IsArenaDeck>
    <IsDungeonDeck>false</IsDungeonDeck>
    <DeckId>f4a8354f-2ae4-4d33-b489-11aad07ccf1e</DeckId>
    <Name>Custom Priest</Name>
    <Tags />
  </Deck>
  <Deck>
    <Cards>
      <Card>
        <Id>DS1_185</Id>
        <Count>2</Count>
      </Card>
      <Card>
        <Id>DRG_253</Id>
        <Count>2</Count>
      </Card>
      <Card>
        <Id>EX1_029</Id>
        <Count>2</Count>
      </Card>
      <Card>
        <Id>DAL_373</Id>
        <Count>2</Count>
      </Card>
      <Card>
        <Id>DRG_255</Id>
        <Count>2</Count>
      </Card>
      <Card>
        <Id>EX1_610</Id>
        <Count>2</Count>
      </Card>
      <Card>
        <Id>ULD_184</Id>
        <Count>2</Count>
      </Card>
      <Card>
        <Id>BT_203</Id>
        <Count>1</Count>
      </Card>
      <Card>
        <Id>DRG_252</Id>
        <Count>2</Count>
      </Card>
      <Card>
        <Id>BT_213</Id>
        <Count>2</Count>
      </Card>
      <Card>
        <Id>NEW1_031</Id>
        <Count>2</Count>
      </Card>
      <Card>
        <Id>EX1_536</Id>
        <Count>2</Count>
      </Card>
      <Card>
        <Id>EX1_539</Id>
        <Count>2</Count>
      </Card>
      <Card>
        <Id>BT_126</Id>
        <Count>1</Count>
      </Card>
      <Card>
        <Id>EX1_538</Id>
        <Count>2</Count>
      </Card>
      <Card>
        <Id>BT_212</Id>
        <Count>2</Count>
      </Card>
    </Cards>
    <Class>Hunter</Class>
    <LastEdited>2020-04-24T18:08:21.978033+02:00</LastEdited>
    <MissingCards />
    <Url />
    <Version>
      <Build>0</Build>
      <Major>1</Major>
      <Minor>0</Minor>
      <Revision>0</Revision>
    </Version>
    <DeckHistory />
    <Archived>false</Archived>
    <HsId>1935468512</HsId>
    <Note />
    <SelectedVersion>
      <Build>0</Build>
      <Major>1</Major>
      <Minor>0</Minor>
      <Revision>0</Revision>
    </SelectedVersion>
    <IsArenaDeck>false</IsArenaDeck>
    <IsDungeonDeck>false</IsDungeonDeck>
    <DeckId>21d454ab-dc89-4d59-9a47-59ab425096d1</DeckId>
    <Name>Face Hunter</Name>
    <Tags />
  </Deck>
  <LastDeckClass>
    <DeckInfo>
      <Class>Paladin</Class>
      <Id>aa5efba2-19c4-4d8c-aaa0-6834372dc1e7</Id>
      <Name>MECH</Name>
    </DeckInfo>
    <DeckInfo>
      <Class>Shaman</Class>
      <Id>08d7f1fc-440d-4308-a436-4b6d878464ee</Id>
      <Name>Highlander Quest</Name>
    </DeckInfo>
    <DeckInfo>
      <Class>Warlock</Class>
      <Id>a7a37e8e-7e88-437b-8cb9-6bae110f1b46</Id>
      <Name>Plot Twist</Name>
    </DeckInfo>
    <DeckInfo>
      <Class>Rogue</Class>
      <Id>f382b24c-ca8e-4aaf-a5d9-5892882b4b78</Id>
      <Name>Highlander</Name>
    </DeckInfo>
    <DeckInfo>
      <Class>Mage</Class>
      <Id>a77f3823-8f51-4082-b881-0f5c2fcf7c18</Id>
      <Name>Tombs of Terror 07-04 12:39</Name>
    </DeckInfo>
    <DeckInfo>
      <Class>Druid</Class>
      <Id>92a4fe01-01f3-47eb-8637-a3ba71b0a485</Id>
      <Name>Spells</Name>
    </DeckInfo>
    <DeckInfo>
      <Class>Warrior</Class>
      <Id>e32306a8-2d3b-432a-8f9c-b963c2c03d29</Id>
      <Name>Teron</Name>
    </DeckInfo>
    <DeckInfo>
      <Class>DemonHunter</Class>
      <Id>f8491c45-4aca-4882-bdd8-235cca41dcb9</Id>
      <Name>Morphosis</Name>
    </DeckInfo>
    <DeckInfo>
      <Class>Priest</Class>
      <Id>f4a8354f-2ae4-4d33-b489-11aad07ccf1e</Id>
      <Name>Custom Priest</Name>
    </DeckInfo>
    <DeckInfo>
      <Class>Hunter</Class>
      <Id>21d454ab-dc89-4d59-9a47-59ab425096d1</Id>
      <Name>Face Hunter</Name>
    </DeckInfo>
  </LastDeckClass>
</Decks>