<?xml version="1.0" encoding="utf-8"?>
<Decks xmlns:xsi="http://www.w3.org/2001/XMLSchema-instance" xmlns:xsd="http://www.w3.org/2001/XMLSchema">
  <Tags>
    <Tag>All</Tag>
    <Tag>None</Tag>
    <Tag>Favorite</Tag>
  </Tags>
  <Deck>
    <Cards>
      <Card>
        <Id>CS2_075</Id>
        <Count>1</Count>
      </Card>
      <Card>
        <Id>GIL_827</Id>
        <Count>1</Count>
      </Card>
      <Card>
        <Id>CS2_189</Id>
        <Count>1</Count>
      </Card>
      <Card>
        <Id>GVG_043</Id>
        <Count>1</Count>
      </Card>
      <Card>
        <Id>EX1_554</Id>
        <Count>1</Count>
      </Card>
      <Card>
        <Id>CFM_653</Id>
        <Count>1</Count>
      </Card>
      <Card>
        <Id>NEW1_018</Id>
        <Count>1</Count>
      </Card>
      <Card>
        <Id>EX1_129</Id>
        <Count>1</Count>
      </Card>
      <Card>
        <Id>EX1_134</Id>
        <Count>1</Count>
      </Card>
      <Card>
        <Id>EX1_010</Id>
        <Count>1</Count>
      </Card>
      <Card>
        <Id>LOOTA_801</Id>
        <Count>1</Count>
      </Card>
      <Card>
        <Id>CS2_117</Id>
        <Count>1</Count>
      </Card>
      <Card>
        <Id>GVG_069</Id>
        <Count>3</Count>
      </Card>
      <Card>
        <Id>EX1_095</Id>
        <Count>1</Count>
      </Card>
      <Card>
        <Id>EX1_110</Id>
        <Count>1</Count>
      </Card>
      <Card>
        <Id>LOOT_413</Id>
        <Count>1</Count>
      </Card>
      <Card>
        <Id>AT_036</Id>
        <Count>1</Count>
      </Card>
      <Card>
        <Id>GILA_503</Id>
        <Count>1</Count>
      </Card>
      <Card>
        <Id>CS2_073</Id>
        <Count>1</Count>
      </Card>
      <Card>
        <Id>CS2_077</Id>
        <Count>1</Count>
      </Card>
      <Card>
        <Id>UNG_064</Id>
        <Count>1</Count>
      </Card>
      <Card>
        <Id>ICC_204</Id>
        <Count>2</Count>
      </Card>
      <Card>
        <Id>EX1_080</Id>
        <Count>1</Count>
      </Card>
      <Card>
        <Id>LOOTA_803</Id>
        <Count>1</Count>
      </Card>
      <Card>
        <Id>EX1_049</Id>
        <Count>1</Count>
      </Card>
      <Card>
        <Id>FP1_004</Id>
        <Count>1</Count>
      </Card>
      <Card>
        <Id>AT_060</Id>
        <Count>1</Count>
      </Card>
      <Card>
        <Id>EX1_611</Id>
        <Count>1</Count>
      </Card>
    </Cards>
    <Class>Rogue</Class>
    <LastEdited>2018-07-11T16:47:36.536832+02:00</LastEdited>
    <MissingCards />
    <Url />
    <Version>
      <Build>0</Build>
      <Major>1</Major>
      <Minor>0</Minor>
      <Revision>0</Revision>
    </Version>
    <DeckHistory />
    <Archived>false</Archived>
    <HsId>0</HsId>
    <Note />
    <SelectedVersion>
      <Build>0</Build>
      <Major>1</Major>
      <Minor>0</Minor>
      <Revision>0</Revision>
    </SelectedVersion>
    <IsArenaDeck>false</IsArenaDeck>
    <IsDungeonDeck>true</IsDungeonDeck>
    <DeckId>25884ab1-9db4-4e49-bf94-38746ae4e262</DeckId>
    <Name>Monster Hunt 11-07 16:38</Name>
    <Tags />
  </Deck>
  <Deck>
    <Cards>
      <Card>
        <Id>EX1_554</Id>
        <Count>1</Count>
      </Card>
      <Card>
        <Id>EX1_134</Id>
        <Count>1</Count>
      </Card>
      <Card>
        <Id>EX1_129</Id>
        <Count>1</Count>
      </Card>
      <Card>
        <Id>CFM_653</Id>
        <Count>1</Count>
      </Card>
      <Card>
        <Id>NEW1_018</Id>
        <Count>1</Count>
      </Card>
      <Card>
        <Id>CS2_075</Id>
        <Count>1</Count>
      </Card>
      <Card>
        <Id>GIL_827</Id>
        <Count>1</Count>
      </Card>
      <Card>
        <Id>CS2_189</Id>
        <Count>1</Count>
      </Card>
      <Card>
        <Id>EX1_010</Id>
        <Count>1</Count>
      </Card>
      <Card>
        <Id>GVG_043</Id>
        <Count>1</Count>
      </Card>
      <Card>
        <Id>LOOTA_801</Id>
        <Count>1</Count>
      </Card>
      <Card>
        <Id>GIL_506</Id>
        <Count>1</Count>
      </Card>
      <Card>
        <Id>AT_093</Id>
        <Count>1</Count>
      </Card>
      <Card>
        <Id>CS2_072</Id>
        <Count>1</Count>
      </Card>
      <Card>
        <Id>EX1_095</Id>
        <Count>1</Count>
      </Card>
      <Card>
        <Id>AT_061</Id>
        <Count>1</Count>
      </Card>
      <Card>
        <Id>EX1_613</Id>
        <Count>1</Count>
      </Card>
    </Cards>
    <Class>Rogue</Class>
    <LastEdited>2018-07-11T17:09:58.7887224+02:00</LastEdited>
    <MissingCards />
    <Url />
    <Version>
      <Build>0</Build>
      <Major>1</Major>
      <Minor>0</Minor>
      <Revision>0</Revision>
    </Version>
    <DeckHistory />
    <Archived>false</Archived>
    <HsId>0</HsId>
    <Note />
    <SelectedVersion>
      <Build>0</Build>
      <Major>1</Major>
      <Minor>0</Minor>
      <Revision>0</Revision>
    </SelectedVersion>
    <IsArenaDeck>false</IsArenaDeck>
    <IsDungeonDeck>true</IsDungeonDeck>
    <DeckId>35304c7b-c4cf-42f8-99ed-b54cdd563676</DeckId>
    <Name>Monster Hunt 11-07 17:04</Name>
    <Tags />
  </Deck>
  <Deck>
    <Cards>
      <Card>
        <Id>BOT_533</Id>
        <Count>1</Count>
      </Card>
      <Card>
        <Id>UNG_938</Id>
        <Count>2</Count>
      </Card>
      <Card>
        <Id>EX1_258</Id>
        <Count>2</Count>
      </Card>
      <Card>
        <Id>CS2_042</Id>
        <Count>2</Count>
      </Card>
      <Card>
        <Id>GIL_504</Id>
        <Count>1</Count>
      </Card>
    </Cards>
    <Class>Shaman</Class>
    <LastEdited>2018-08-16T17:53:42.7266257+02:00</LastEdited>
    <MissingCards />
    <Url />
    <Version>
      <Build>0</Build>
      <Major>2</Major>
      <Minor>0</Minor>
      <Revision>0</Revision>
    </Version>
    <DeckHistory>
      <Deck>
        <Cards>
          <Card>
            <Id>GIL_504</Id>
            <Count>1</Count>
          </Card>
        </Cards>
        <Class>Shaman</Class>
        <LastEdited>2018-08-16T17:53:03.1956211+02:00</LastEdited>
        <MissingCards />
        <Url />
        <Version>
          <Build>0</Build>
          <Major>1</Major>
          <Minor>0</Minor>
          <Revision>0</Revision>
        </Version>
        <DeckHistory />
        <Archived>false</Archived>
        <HsId>1628825986</HsId>
        <Note />
        <SelectedVersion>
          <Build>0</Build>
          <Major>1</Major>
          <Minor>0</Minor>
          <Revision>0</Revision>
        </SelectedVersion>
        <IsArenaDeck>false</IsArenaDeck>
        <IsDungeonDeck>false</IsDungeonDeck>
        <DeckId>082d0630-e425-4eb0-905d-07ca75811c49</DeckId>
        <Name>Brawl 16-08 17:53</Name>
        <Tags>
          <Tag>Brawl</Tag>
        </Tags>
      </Deck>
    </DeckHistory>
    <Archived>false</Archived>
    <HsId>0</HsId>
    <Note />
    <SelectedVersion>
      <Build>0</Build>
      <Major>2</Major>
      <Minor>0</Minor>
      <Revision>0</Revision>
    </SelectedVersion>
    <IsArenaDeck>false</IsArenaDeck>
    <IsDungeonDeck>false</IsDungeonDeck>
    <DeckId>12cc830f-d8be-41aa-a089-5ea9528339df</DeckId>
    <Name>Brawl 16-08 17:53</Name>
    <Tags>
      <Tag>Brawl</Tag>
    </Tags>
  </Deck>
  <Deck>
    <Cards>
      <Card>
        <Id>UNG_809</Id>
        <Count>2</Count>
      </Card>
      <Card>
        <Id>UNG_205</Id>
        <Count>2</Count>
      </Card>
      <Card>
        <Id>EX1_565</Id>
        <Count>2</Count>
      </Card>
      <Card>
        <Id>BOT_533</Id>
        <Count>2</Count>
      </Card>
      <Card>
        <Id>EX1_248</Id>
        <Count>2</Count>
      </Card>
      <Card>
        <Id>UNG_938</Id>
        <Count>2</Count>
      </Card>
      <Card>
        <Id>EX1_259</Id>
        <Count>2</Count>
      </Card>
      <Card>
        <Id>EX1_575</Id>
        <Count>2</Count>
      </Card>
      <Card>
        <Id>EX1_258</Id>
        <Count>2</Count>
      </Card>
      <Card>
        <Id>UNG_084</Id>
        <Count>1</Count>
      </Card>
      <Card>
        <Id>EX1_246</Id>
        <Count>2</Count>
      </Card>
      <Card>
        <Id>CS2_046</Id>
        <Count>1</Count>
      </Card>
      <Card>
        <Id>UNG_816</Id>
        <Count>2</Count>
      </Card>
      <Card>
        <Id>BOT_099</Id>
        <Count>2</Count>
      </Card>
      <Card>
        <Id>CS2_042</Id>
        <Count>2</Count>
      </Card>
      <Card>
        <Id>UNG_847</Id>
        <Count>1</Count>
      </Card>
      <Card>
        <Id>GIL_504</Id>
        <Count>1</Count>
      </Card>
    </Cards>
    <Class>Shaman</Class>
    <LastEdited>2018-08-16T17:55:58.3166945+02:00</LastEdited>
    <MissingCards />
    <Url />
    <Version>
      <Build>0</Build>
      <Major>1</Major>
      <Minor>0</Minor>
      <Revision>0</Revision>
    </Version>
    <DeckHistory />
    <Archived>false</Archived>
    <HsId>1628825986</HsId>
    <Note />
    <SelectedVersion>
      <Build>0</Build>
      <Major>1</Major>
      <Minor>0</Minor>
      <Revision>0</Revision>
    </SelectedVersion>
    <IsArenaDeck>false</IsArenaDeck>
    <IsDungeonDeck>false</IsDungeonDeck>
    <DeckId>d74ce2a6-039a-4dae-8c55-b5bf279e58c5</DeckId>
    <Name>Brawl 16-08 17:55</Name>
    <Tags>
      <Tag>Brawl</Tag>
    </Tags>
  </Deck>
  <Deck>
    <Cards>
      <Card>
        <Id>NEW1_012</Id>
        <Count>2</Count>
      </Card>
      <Card>
        <Id>CS2_024</Id>
        <Count>2</Count>
      </Card>
      <Card>
        <Id>UNG_941</Id>
        <Count>1</Count>
      </Card>
      <Card>
        <Id>EX1_608</Id>
        <Count>2</Count>
      </Card>
    </Cards>
    <Class>Mage</Class>
    <LastEdited>2018-09-13T17:42:55.3679106+02:00</LastEdited>
    <MissingCards />
    <Url />
    <Version>
      <Build>0</Build>
      <Major>1</Major>
      <Minor>0</Minor>
      <Revision>0</Revision>
    </Version>
    <DeckHistory />
    <Archived>false</Archived>
    <HsId>1646390693</HsId>
    <Note />
    <SelectedVersion>
      <Build>0</Build>
      <Major>1</Major>
      <Minor>0</Minor>
      <Revision>0</Revision>
    </SelectedVersion>
    <IsArenaDeck>false</IsArenaDeck>
    <IsDungeonDeck>false</IsDungeonDeck>
    <DeckId>afdf2cbf-9f7e-48b5-a573-8691b181bcb7</DeckId>
    <Name>Brawl 13-09 17:42</Name>
    <Tags>
      <Tag>Brawl</Tag>
    </Tags>
  </Deck>
  <Deck>
    <Cards>
      <Card>
        <Id>EX1_319</Id>
        <Count>2</Count>
      </Card>
      <Card>
        <Id>LOOT_014</Id>
        <Count>2</Count>
      </Card>
      <Card>
        <Id>EX1_001</Id>
        <Count>2</Count>
      </Card>
      <Card>
        <Id>BOT_263</Id>
        <Count>2</Count>
      </Card>
      <Card>
        <Id>EX1_308</Id>
        <Count>2</Count>
      </Card>
      <Card>
        <Id>CS2_065</Id>
        <Count>2</Count>
      </Card>
      <Card>
        <Id>EX1_011</Id>
        <Count>2</Count>
      </Card>
      <Card>
        <Id>ICC_851</Id>
        <Count>1</Count>
      </Card>
      <Card>
        <Id>BOT_224</Id>
        <Count>1</Count>
      </Card>
      <Card>
        <Id>LOOT_388</Id>
        <Count>2</Count>
      </Card>
      <Card>
        <Id>ICC_700</Id>
        <Count>2</Count>
      </Card>
      <Card>
        <Id>GIL_622</Id>
        <Count>2</Count>
      </Card>
      <Card>
        <Id>ICC_466</Id>
        <Count>2</Count>
      </Card>
      <Card>
        <Id>EX1_048</Id>
        <Count>2</Count>
      </Card>
      <Card>
        <Id>EX1_310</Id>
        <Count>2</Count>
      </Card>
      <Card>
        <Id>LOOT_167</Id>
        <Count>2</Count>
      </Card>
    </Cards>
    <Class>Warlock</Class>
    <LastEdited>2018-11-15T09:19:12.3316703+01:00</LastEdited>
    <MissingCards />
    <Url />
    <Version>
      <Build>0</Build>
      <Major>1</Major>
      <Minor>0</Minor>
      <Revision>0</Revision>
    </Version>
    <DeckHistory />
    <Archived>false</Archived>
    <HsId>1679284143</HsId>
    <Note />
    <SelectedVersion>
      <Build>0</Build>
      <Major>1</Major>
      <Minor>0</Minor>
      <Revision>0</Revision>
    </SelectedVersion>
    <IsArenaDeck>false</IsArenaDeck>
    <IsDungeonDeck>false</IsDungeonDeck>
    <DeckId>833fffdc-d7f6-465d-9fd3-bac7c4104448</DeckId>
    <Name>Brawl 15-11 09:19</Name>
    <Tags>
      <Tag>Brawl</Tag>
    </Tags>
  </Deck>
  <Deck>
    <Cards>
      <Card>
        <Id>BOT_288</Id>
        <Count>2</Count>
      </Card>
      <Card>
        <Id>BOT_283</Id>
        <Count>2</Count>
      </Card>
      <Card>
        <Id>BOT_559</Id>
        <Count>1</Count>
      </Card>
      <Card>
        <Id>GIL_827</Id>
        <Count>2</Count>
      </Card>
      <Card>
        <Id>GIL_534</Id>
        <Count>2</Count>
      </Card>
      <Card>
        <Id>BOT_084</Id>
        <Count>2</Count>
      </Card>
      <Card>
        <Id>GIL_622</Id>
        <Count>2</Count>
      </Card>
      <Card>
        <Id>BOT_243</Id>
        <Count>1</Count>
      </Card>
      <Card>
        <Id>GIL_667</Id>
        <Count>2</Count>
      </Card>
      <Card>
        <Id>BOT_563</Id>
        <Count>2</Count>
      </Card>
      <Card>
        <Id>GIL_623</Id>
        <Count>2</Count>
      </Card>
      <Card>
        <Id>BOT_548</Id>
        <Count>1</Count>
      </Card>
      <Card>
        <Id>BOT_448</Id>
        <Count>2</Count>
      </Card>
      <Card>
        <Id>BOT_066</Id>
        <Count>2</Count>
      </Card>
      <Card>
        <Id>GIL_124</Id>
        <Count>1</Count>
      </Card>
      <Card>
        <Id>BOT_270</Id>
        <Count>2</Count>
      </Card>
      <Card>
        <Id>BOT_534</Id>
        <Count>2</Count>
      </Card>
    </Cards>
    <Class>Rogue</Class>
    <LastEdited>2019-01-09T20:42:27.3830612+01:00</LastEdited>
    <MissingCards />
    <Url />
    <Version>
      <Build>0</Build>
      <Major>1</Major>
      <Minor>0</Minor>
      <Revision>0</Revision>
    </Version>
    <DeckHistory />
    <Archived>false</Archived>
    <HsId>1714869364</HsId>
    <Note />
    <SelectedVersion>
      <Build>0</Build>
      <Major>1</Major>
      <Minor>0</Minor>
      <Revision>0</Revision>
    </SelectedVersion>
    <IsArenaDeck>false</IsArenaDeck>
    <IsDungeonDeck>false</IsDungeonDeck>
    <DeckId>a1fab014-6d8a-4d8d-adfb-fb31a338253b</DeckId>
    <Name>Brawl 09-01 20:42</Name>
    <Tags>
      <Tag>Brawl</Tag>
    </Tags>
  </Deck>
  <Deck>
    <Cards>
      <Card>
        <Id>EX1_319</Id>
        <Count>2</Count>
      </Card>
      <Card>
        <Id>ICC_407</Id>
        <Count>2</Count>
      </Card>
      <Card>
        <Id>TRL_503</Id>
        <Count>2</Count>
      </Card>
      <Card>
        <Id>EX1_556</Id>
        <Count>2</Count>
      </Card>
      <Card>
        <Id>ICC_854</Id>
        <Count>1</Count>
      </Card>
      <Card>
        <Id>LOOT_233</Id>
        <Count>2</Count>
      </Card>
      <Card>
        <Id>TRL_531</Id>
        <Count>2</Count>
      </Card>
      <Card>
        <Id>LOOT_161</Id>
        <Count>1</Count>
      </Card>
      <Card>
        <Id>ICC_027</Id>
        <Count>2</Count>
      </Card>
      <Card>
        <Id>EX1_110</Id>
        <Count>1</Count>
      </Card>
      <Card>
        <Id>BOT_066</Id>
        <Count>2</Count>
      </Card>
      <Card>
        <Id>LOOT_306</Id>
        <Count>2</Count>
      </Card>
      <Card>
        <Id>UNG_010</Id>
        <Count>2</Count>
      </Card>
      <Card>
        <Id>LOOT_184</Id>
        <Count>1</Count>
      </Card>
      <Card>
        <Id>GIL_118</Id>
        <Count>2</Count>
      </Card>
      <Card>
        <Id>LOOT_153</Id>
        <Count>2</Count>
      </Card>
      <Card>
        <Id>LOOT_368</Id>
        <Count>2</Count>
      </Card>
    </Cards>
    <Class>Warlock</Class>
    <LastEdited>2019-01-30T20:32:05.6451836+01:00</LastEdited>
    <MissingCards />
    <Url />
    <Version>
      <Build>0</Build>
      <Major>1</Major>
      <Minor>0</Minor>
      <Revision>0</Revision>
    </Version>
    <DeckHistory />
    <Archived>false</Archived>
    <HsId>1725754669</HsId>
    <Note />
    <SelectedVersion>
      <Build>0</Build>
      <Major>1</Major>
      <Minor>0</Minor>
      <Revision>0</Revision>
    </SelectedVersion>
    <IsArenaDeck>false</IsArenaDeck>
    <IsDungeonDeck>false</IsDungeonDeck>
    <DeckId>0e755275-1e28-4364-9e73-14fb03ac79c3</DeckId>
    <Name>Brawl 30-01 20:32</Name>
    <Tags>
      <Tag>Brawl</Tag>
    </Tags>
  </Deck>
  <Deck>
    <Cards>
      <Card>
        <Id>CS2_072</Id>
        <Count>2</Count>
      </Card>
      <Card>
        <Id>EX1_145</Id>
        <Count>2</Count>
      </Card>
      <Card>
        <Id>CS2_074</Id>
        <Count>2</Count>
      </Card>
      <Card>
        <Id>CS2_146</Id>
        <Count>2</Count>
      </Card>
      <Card>
        <Id>EX1_124</Id>
        <Count>2</Count>
      </Card>
      <Card>
        <Id>EX1_581</Id>
        <Count>2</Count>
      </Card>
      <Card>
        <Id>GIL_827</Id>
        <Count>2</Count>
      </Card>
      <Card>
        <Id>EX1_613</Id>
        <Count>1</Count>
      </Card>
      <Card>
        <Id>DAL_415</Id>
        <Count>2</Count>
      </Card>
      <Card>
        <Id>TRL_124</Id>
        <Count>2</Count>
      </Card>
      <Card>
        <Id>EX1_134</Id>
        <Count>1</Count>
      </Card>
      <Card>
        <Id>NEW1_022</Id>
        <Count>2</Count>
      </Card>
      <Card>
        <Id>DAL_416</Id>
        <Count>2</Count>
      </Card>
      <Card>
        <Id>DAL_716</Id>
        <Count>2</Count>
      </Card>
      <Card>
        <Id>DAL_720</Id>
        <Count>2</Count>
      </Card>
      <Card>
        <Id>NEW1_024</Id>
        <Count>1</Count>
      </Card>
      <Card>
        <Id>DAL_417</Id>
        <Count>1</Count>
      </Card>
    </Cards>
    <Class>Rogue</Class>
    <LastEdited>2019-04-11T20:04:30.2797975+02:00</LastEdited>
    <MissingCards />
    <Url />
    <Version>
      <Build>0</Build>
      <Major>1</Major>
      <Minor>0</Minor>
      <Revision>0</Revision>
    </Version>
    <DeckHistory />
    <Archived>false</Archived>
    <HsId>1767846162</HsId>
    <Note />
    <SelectedVersion>
      <Build>0</Build>
      <Major>1</Major>
      <Minor>0</Minor>
      <Revision>0</Revision>
    </SelectedVersion>
    <IsArenaDeck>false</IsArenaDeck>
    <IsDungeonDeck>false</IsDungeonDeck>
    <DeckId>1ce4e329-e4c1-4bfc-b599-e6ec79a8fdb1</DeckId>
    <Name>Brawl 11-04 20:04</Name>
    <Tags>
      <Tag>Brawl</Tag>
    </Tags>
  </Deck>
  <Deck>
    <Cards>
      <Card>
        <Id>DAL_366</Id>
        <Count>1</Count>
      </Card>
      <Card>
        <Id>EX1_129</Id>
        <Count>1</Count>
      </Card>
      <Card>
        <Id>EX1_131</Id>
        <Count>1</Count>
      </Card>
      <Card>
        <Id>TRL_156</Id>
        <Count>1</Count>
      </Card>
      <Card>
        <Id>FP1_005</Id>
        <Count>1</Count>
      </Card>
      <Card>
        <Id>CS2_072</Id>
        <Count>1</Count>
      </Card>
      <Card>
        <Id>CFM_694</Id>
        <Count>1</Count>
      </Card>
      <Card>
        <Id>CS2_146</Id>
        <Count>1</Count>
      </Card>
      <Card>
        <Id>LOE_010</Id>
        <Count>1</Count>
      </Card>
      <Card>
        <Id>GVG_081</Id>
        <Count>1</Count>
      </Card>
      <Card>
        <Id>GILA_506</Id>
        <Count>2</Count>
      </Card>
      <Card>
        <Id>BOT_066</Id>
        <Count>1</Count>
      </Card>
      <Card>
        <Id>BOT_565</Id>
        <Count>1</Count>
      </Card>
      <Card>
        <Id>GVG_027</Id>
        <Count>1</Count>
      </Card>
      <Card>
        <Id>CS2_074</Id>
        <Count>3</Count>
      </Card>
      <Card>
        <Id>GVG_023</Id>
        <Count>2</Count>
      </Card>
      <Card>
        <Id>LOOT_542</Id>
        <Count>1</Count>
      </Card>
      <Card>
        <Id>DALA_712</Id>
        <Count>1</Count>
      </Card>
      <Card>
        <Id>BOT_083</Id>
        <Count>3</Count>
      </Card>
      <Card>
        <Id>ICC_221</Id>
        <Count>1</Count>
      </Card>
      <Card>
        <Id>GVG_022</Id>
        <Count>2</Count>
      </Card>
      <Card>
        <Id>NEW1_024</Id>
        <Count>2</Count>
      </Card>
      <Card>
        <Id>LOOT_033</Id>
        <Count>2</Count>
      </Card>
      <Card>
        <Id>CS2_233</Id>
        <Count>2</Count>
      </Card>
      <Card>
        <Id>DALA_725</Id>
        <Count>1</Count>
      </Card>
    </Cards>
    <Class>Rogue</Class>
    <LastEdited>2019-05-28T20:59:30.3031547+02:00</LastEdited>
    <MissingCards />
    <Url />
    <Version>
      <Build>0</Build>
      <Major>1</Major>
      <Minor>0</Minor>
      <Revision>0</Revision>
    </Version>
    <DeckHistory />
    <Archived>false</Archived>
    <HsId>0</HsId>
    <Note />
    <SelectedVersion>
      <Build>0</Build>
      <Major>1</Major>
      <Minor>0</Minor>
      <Revision>0</Revision>
    </SelectedVersion>
    <IsArenaDeck>false</IsArenaDeck>
    <IsDungeonDeck>true</IsDungeonDeck>
    <DeckId>61a40e6a-19ce-4521-928c-e6818c4264b4</DeckId>
    <Name>Dalaran Heist 28-05 20:25</Name>
    <Tags />
  </Deck>
  <Deck>
    <Cards>
      <Card>
        <Id>CS2_104</Id>
        <Count>1</Count>
      </Card>
      <Card>
        <Id>BRM_016</Id>
        <Count>1</Count>
      </Card>
      <Card>
        <Id>EX1_407</Id>
        <Count>1</Count>
      </Card>
      <Card>
        <Id>CS2_106</Id>
        <Count>1</Count>
      </Card>
      <Card>
        <Id>OG_218</Id>
        <Count>1</Count>
      </Card>
      <Card>
        <Id>EX1_393</Id>
        <Count>1</Count>
      </Card>
      <Card>
        <Id>OG_312</Id>
        <Count>1</Count>
      </Card>
      <Card>
        <Id>AT_064</Id>
        <Count>1</Count>
      </Card>
      <Card>
        <Id>DAL_769</Id>
        <Count>1</Count>
      </Card>
      <Card>
        <Id>OG_315</Id>
        <Count>1</Count>
      </Card>
      <Card>
        <Id>LOOTA_803</Id>
        <Count>1</Count>
      </Card>
      <Card>
        <Id>EX1_016</Id>
        <Count>1</Count>
      </Card>
      <Card>
        <Id>FP1_030</Id>
        <Count>1</Count>
      </Card>
      <Card>
        <Id>AT_072</Id>
        <Count>1</Count>
      </Card>
      <Card>
        <Id>UNG_848</Id>
        <Count>2</Count>
      </Card>
      <Card>
        <Id>ICC_029</Id>
        <Count>1</Count>
      </Card>
      <Card>
        <Id>EX1_284</Id>
        <Count>2</Count>
      </Card>
      <Card>
        <Id>DALA_716</Id>
        <Count>1</Count>
      </Card>
      <Card>
        <Id>BRM_031</Id>
        <Count>1</Count>
      </Card>
      <Card>
        <Id>TRL_569</Id>
        <Count>2</Count>
      </Card>
      <Card>
        <Id>LOOT_541</Id>
        <Count>1</Count>
      </Card>
      <Card>
        <Id>ICC_027</Id>
        <Count>1</Count>
      </Card>
      <Card>
        <Id>LOOTA_828</Id>
        <Count>1</Count>
      </Card>
      <Card>
        <Id>DAL_063</Id>
        <Count>1</Count>
      </Card>
      <Card>
        <Id>BOT_559</Id>
        <Count>3</Count>
      </Card>
      <Card>
        <Id>BOT_548</Id>
        <Count>1</Count>
      </Card>
      <Card>
        <Id>BOT_218</Id>
        <Count>1</Count>
      </Card>
      <Card>
        <Id>DAL_070</Id>
        <Count>1</Count>
      </Card>
      <Card>
        <Id>GVG_056</Id>
        <Count>1</Count>
      </Card>
      <Card>
        <Id>EX1_050</Id>
        <Count>1</Count>
      </Card>
      <Card>
        <Id>DALA_727</Id>
        <Count>1</Count>
      </Card>
    </Cards>
    <Class>Warrior</Class>
    <LastEdited>2019-05-30T21:21:09.5257771+02:00</LastEdited>
    <MissingCards />
    <Url />
    <Version>
      <Build>0</Build>
      <Major>1</Major>
      <Minor>0</Minor>
      <Revision>0</Revision>
    </Version>
    <DeckHistory />
    <Archived>false</Archived>
    <HsId>0</HsId>
    <Note />
    <SelectedVersion>
      <Build>0</Build>
      <Major>1</Major>
      <Minor>0</Minor>
      <Revision>0</Revision>
    </SelectedVersion>
    <IsArenaDeck>false</IsArenaDeck>
    <IsDungeonDeck>true</IsDungeonDeck>
    <DeckId>5cec0a32-933f-42c1-b549-79c084fe2c7e</DeckId>
    <Name>Dalaran Heist 30-05 20:47</Name>
    <Tags />
  </Deck>
  <Deck>
    <Cards>
      <Card>
        <Id>UNG_032</Id>
        <Count>1</Count>
      </Card>
      <Card>
        <Id>GVG_081</Id>
        <Count>1</Count>
      </Card>
      <Card>
        <Id>LOE_046</Id>
        <Count>1</Count>
      </Card>
      <Card>
        <Id>FP1_004</Id>
        <Count>1</Count>
      </Card>
      <Card>
        <Id>GVG_006</Id>
        <Count>1</Count>
      </Card>
      <Card>
        <Id>GVG_002</Id>
        <Count>1</Count>
      </Card>
      <Card>
        <Id>ICC_802</Id>
        <Count>1</Count>
      </Card>
      <Card>
        <Id>GVG_003</Id>
        <Count>1</Count>
      </Card>
      <Card>
        <Id>UNG_818</Id>
        <Count>1</Count>
      </Card>
      <Card>
        <Id>BRM_002</Id>
        <Count>1</Count>
      </Card>
      <Card>
        <Id>CFM_653</Id>
        <Count>1</Count>
      </Card>
      <Card>
        <Id>CFM_626</Id>
        <Count>1</Count>
      </Card>
      <Card>
        <Id>FP1_005</Id>
        <Count>1</Count>
      </Card>
      <Card>
        <Id>UNG_072</Id>
        <Count>1</Count>
      </Card>
      <Card>
        <Id>UNG_928</Id>
        <Count>1</Count>
      </Card>
      <Card>
        <Id>GVG_010</Id>
        <Count>1</Count>
      </Card>
      <Card>
        <Id>GVG_068</Id>
        <Count>1</Count>
      </Card>
      <Card>
        <Id>AT_093</Id>
        <Count>1</Count>
      </Card>
      <Card>
        <Id>AT_011</Id>
        <Count>1</Count>
      </Card>
      <Card>
        <Id>LOOT_382</Id>
        <Count>1</Count>
      </Card>
      <Card>
        <Id>OG_335</Id>
        <Count>1</Count>
      </Card>
      <Card>
        <Id>UNG_021</Id>
        <Count>1</Count>
      </Card>
      <Card>
        <Id>LOE_047</Id>
        <Count>1</Count>
      </Card>
      <Card>
        <Id>ICC_029</Id>
        <Count>1</Count>
      </Card>
      <Card>
        <Id>OG_234</Id>
        <Count>2</Count>
      </Card>
      <Card>
        <Id>LOE_111</Id>
        <Count>1</Count>
      </Card>
      <Card>
        <Id>AT_101</Id>
        <Count>1</Count>
      </Card>
      <Card>
        <Id>BRM_025</Id>
        <Count>1</Count>
      </Card>
      <Card>
        <Id>UNG_848</Id>
        <Count>1</Count>
      </Card>
    </Cards>
    <Class>Mage</Class>
    <LastEdited>2019-10-09T20:57:28.0277875+02:00</LastEdited>
    <MissingCards />
    <Url />
    <Version>
      <Build>0</Build>
      <Major>1</Major>
      <Minor>0</Minor>
      <Revision>0</Revision>
    </Version>
    <DeckHistory />
    <Archived>false</Archived>
    <HsId>1855951379</HsId>
    <Note />
    <SelectedVersion>
      <Build>0</Build>
      <Major>1</Major>
      <Minor>0</Minor>
      <Revision>0</Revision>
    </SelectedVersion>
    <IsArenaDeck>true</IsArenaDeck>
    <IsDungeonDeck>false</IsDungeonDeck>
    <ArenaReward>
      <Gold>0</Gold>
      <Dust>0</Dust>
      <PaymentMethod>Unknown</PaymentMethod>
      <Cards>
        <CardReward xsi:nil="true" />
        <CardReward xsi:nil="true" />
        <CardReward xsi:nil="true" />
      </Cards>
      <Packs>
        <ArenaRewardPacks>None</ArenaRewardPacks>
        <ArenaRewardPacks>None</ArenaRewardPacks>
      </Packs>
    </ArenaReward>
    <DeckId>85278b0a-9dda-472b-ae7a-6bcc87dec489</DeckId>
    <Name>Arena 09-10 20:57</Name>
    <Tags />
  </Deck>
  <Deck>
    <Cards>
      <Card>
        <Id>ICC_092</Id>
        <Count>1</Count>
      </Card>
      <Card>
        <Id>UNG_809</Id>
        <Count>1</Count>
      </Card>
      <Card>
        <Id>GVG_051</Id>
        <Count>1</Count>
      </Card>
      <Card>
        <Id>UNG_020</Id>
        <Count>1</Count>
      </Card>
      <Card>
        <Id>UNG_926</Id>
        <Count>1</Count>
      </Card>
      <Card>
        <Id>LOE_029</Id>
        <Count>2</Count>
      </Card>
      <Card>
        <Id>GVG_002</Id>
        <Count>1</Count>
      </Card>
      <Card>
        <Id>ICC_252</Id>
        <Count>1</Count>
      </Card>
      <Card>
        <Id>LOE_002</Id>
        <Count>1</Count>
      </Card>
      <Card>
        <Id>CFM_755</Id>
        <Count>1</Count>
      </Card>
      <Card>
        <Id>CFM_649</Id>
        <Count>1</Count>
      </Card>
      <Card>
        <Id>OG_149</Id>
        <Count>3</Count>
      </Card>
      <Card>
        <Id>FP1_021</Id>
        <Count>1</Count>
      </Card>
      <Card>
        <Id>ICC_069</Id>
        <Count>1</Count>
      </Card>
      <Card>
        <Id>ICC_026</Id>
        <Count>2</Count>
      </Card>
      <Card>
        <Id>LOOT_291</Id>
        <Count>1</Count>
      </Card>
      <Card>
        <Id>OG_295</Id>
        <Count>1</Count>
      </Card>
      <Card>
        <Id>LOE_003</Id>
        <Count>2</Count>
      </Card>
      <Card>
        <Id>KAR_028</Id>
        <Count>1</Count>
      </Card>
      <Card>
        <Id>LOOT_167</Id>
        <Count>1</Count>
      </Card>
      <Card>
        <Id>AT_101</Id>
        <Count>1</Count>
      </Card>
      <Card>
        <Id>FP1_012</Id>
        <Count>1</Count>
      </Card>
      <Card>
        <Id>LOOT_370</Id>
        <Count>1</Count>
      </Card>
      <Card>
        <Id>KAR_076</Id>
        <Count>1</Count>
      </Card>
      <Card>
        <Id>UNG_813</Id>
        <Count>1</Count>
      </Card>
    </Cards>
    <Class>Warrior</Class>
    <LastEdited>2019-10-17T20:16:31.4478391+02:00</LastEdited>
    <MissingCards />
    <Url />
    <Version>
      <Build>0</Build>
      <Major>1</Major>
      <Minor>0</Minor>
      <Revision>0</Revision>
    </Version>
    <DeckHistory />
    <Archived>false</Archived>
    <HsId>1859701818</HsId>
    <Note />
    <SelectedVersion>
      <Build>0</Build>
      <Major>1</Major>
      <Minor>0</Minor>
      <Revision>0</Revision>
    </SelectedVersion>
    <IsArenaDeck>true</IsArenaDeck>
    <IsDungeonDeck>false</IsDungeonDeck>
    <ArenaReward>
      <Gold>0</Gold>
      <Dust>0</Dust>
      <PaymentMethod>Unknown</PaymentMethod>
      <Cards>
        <CardReward xsi:nil="true" />
        <CardReward xsi:nil="true" />
        <CardReward xsi:nil="true" />
      </Cards>
      <Packs>
        <ArenaRewardPacks>None</ArenaRewardPacks>
        <ArenaRewardPacks>None</ArenaRewardPacks>
      </Packs>
    </ArenaReward>
    <DeckId>9d94a6fc-fca7-41f6-b770-692dd66285bb</DeckId>
    <Name>Arena 17-10 20:16</Name>
    <Tags />
  </Deck>
  <Deck>
    <Cards>
      <Card>
        <Id>CS2_188</Id>
        <Count>2</Count>
      </Card>
      <Card>
        <Id>BOT_447</Id>
        <Count>2</Count>
      </Card>
      <Card>
        <Id>EX1_319</Id>
        <Count>2</Count>
      </Card>
      <Card>
        <Id>TRL_249</Id>
        <Count>2</Count>
      </Card>
      <Card>
        <Id>BOT_445</Id>
        <Count>2</Count>
      </Card>
      <Card>
        <Id>BOT_568</Id>
        <Count>1</Count>
      </Card>
      <Card>
        <Id>CS2_065</Id>
        <Count>2</Count>
      </Card>
      <Card>
        <Id>EX1_162</Id>
        <Count>1</Count>
      </Card>
      <Card>
        <Id>DAL_606</Id>
        <Count>2</Count>
      </Card>
      <Card>
        <Id>ULD_174</Id>
        <Count>2</Count>
      </Card>
      <Card>
        <Id>CS2_203</Id>
        <Count>1</Count>
      </Card>
      <Card>
        <Id>DAL_773</Id>
        <Count>2</Count>
      </Card>
      <Card>
        <Id>ULD_161</Id>
        <Count>2</Count>
      </Card>
      <Card>
        <Id>EX1_093</Id>
        <Count>2</Count>
      </Card>
      <Card>
        <Id>ULD_167</Id>
        <Count>2</Count>
      </Card>
      <Card>
        <Id>EX1_116</Id>
        <Count>1</Count>
      </Card>
      <Card>
        <Id>EX1_586</Id>
        <Count>2</Count>
      </Card>
    </Cards>
    <Class>Warlock</Class>
    <LastEdited>2019-11-08T16:04:37.4106413+01:00</LastEdited>
    <MissingCards />
    <Url />
    <Version>
      <Build>0</Build>
      <Major>1</Major>
      <Minor>0</Minor>
      <Revision>0</Revision>
    </Version>
    <DeckHistory />
    <Archived>false</Archived>
    <HsId>1838162970</HsId>
    <Note />
    <SelectedVersion>
      <Build>0</Build>
      <Major>1</Major>
      <Minor>0</Minor>
      <Revision>0</Revision>
    </SelectedVersion>
    <IsArenaDeck>false</IsArenaDeck>
    <IsDungeonDeck>false</IsDungeonDeck>
    <DeckId>29bb1bf7-82b1-47f0-84c5-1e52ec285289</DeckId>
    <Name>ZOO WARLOCK</Name>
    <Tags />
  </Deck>
  <Deck>
    <Cards>
      <Card>
        <Id>EX1_080</Id>
        <Count>1</Count>
      </Card>
      <Card>
        <Id>DAL_587</Id>
        <Count>1</Count>
      </Card>
      <Card>
        <Id>TRL_348</Id>
        <Count>1</Count>
      </Card>
      <Card>
        <Id>DS1_184</Id>
        <Count>1</Count>
      </Card>
      <Card>
        <Id>EX1_610</Id>
        <Count>1</Count>
      </Card>
      <Card>
        <Id>EX1_611</Id>
        <Count>1</Count>
      </Card>
      <Card>
        <Id>ULD_152</Id>
        <Count>1</Count>
      </Card>
      <Card>
        <Id>GIL_577</Id>
        <Count>1</Count>
      </Card>
      <Card>
        <Id>EX1_554</Id>
        <Count>1</Count>
      </Card>
      <Card>
        <Id>EX1_609</Id>
        <Count>1</Count>
      </Card>
      <Card>
        <Id>DAL_086</Id>
        <Count>1</Count>
      </Card>
      <Card>
        <Id>ULD_003</Id>
        <Count>1</Count>
      </Card>
      <Card>
        <Id>NEW1_031</Id>
        <Count>1</Count>
      </Card>
      <Card>
        <Id>EX1_617</Id>
        <Count>1</Count>
      </Card>
      <Card>
        <Id>EX1_536</Id>
        <Count>1</Count>
      </Card>
      <Card>
        <Id>ULD_429</Id>
        <Count>1</Count>
      </Card>
      <Card>
        <Id>EX1_539</Id>
        <Count>1</Count>
      </Card>
      <Card>
        <Id>TRL_530</Id>
        <Count>1</Count>
      </Card>
      <Card>
        <Id>BOT_700</Id>
        <Count>1</Count>
      </Card>
      <Card>
        <Id>ULD_209</Id>
        <Count>1</Count>
      </Card>
      <Card>
        <Id>ULD_154</Id>
        <Count>1</Count>
      </Card>
      <Card>
        <Id>GIL_622</Id>
        <Count>1</Count>
      </Card>
      <Card>
        <Id>DAL_371</Id>
        <Count>1</Count>
      </Card>
      <Card>
        <Id>TRL_347</Id>
        <Count>1</Count>
      </Card>
      <Card>
        <Id>BOT_573</Id>
        <Count>1</Count>
      </Card>
      <Card>
        <Id>BOT_548</Id>
        <Count>1</Count>
      </Card>
      <Card>
        <Id>EX1_534</Id>
        <Count>1</Count>
      </Card>
      <Card>
        <Id>DAL_378</Id>
        <Count>1</Count>
      </Card>
      <Card>
        <Id>ULD_156</Id>
        <Count>1</Count>
      </Card>
      <Card>
        <Id>TRL_065</Id>
        <Count>1</Count>
      </Card>
    </Cards>
    <Class>Hunter</Class>
    <LastEdited>2019-11-08T16:04:37.4116416+01:00</LastEdited>
    <MissingCards />
    <Url />
    <Version>
      <Build>0</Build>
      <Major>1</Major>
      <Minor>0</Minor>
      <Revision>0</Revision>
    </Version>
    <DeckHistory />
    <Archived>false</Archived>
    <HsId>1838537752</HsId>
    <Note />
    <SelectedVersion>
      <Build>0</Build>
      <Major>1</Major>
      <Minor>0</Minor>
      <Revision>0</Revision>
    </SelectedVersion>
    <IsArenaDeck>false</IsArenaDeck>
    <IsDungeonDeck>false</IsDungeonDeck>
    <DeckId>ee16cd78-3f5a-4fde-a1ea-4fbf8dfd33d8</DeckId>
    <Name>HIGHLANDER HUNTER</Name>
    <Tags />
  </Deck>
  <Deck>
    <Cards>
      <Card>
        <Id>DAL_723</Id>
        <Count>2</Count>
      </Card>
      <Card>
        <Id>ULD_724</Id>
        <Count>1</Count>
      </Card>
      <Card>
        <Id>TRL_502</Id>
        <Count>1</Count>
      </Card>
      <Card>
        <Id>GIL_661</Id>
        <Count>2</Count>
      </Card>
      <Card>
        <Id>ULD_714</Id>
        <Count>2</Count>
      </Card>
      <Card>
        <Id>EX1_622</Id>
        <Count>1</Count>
      </Card>
      <Card>
        <Id>DAL_558</Id>
        <Count>1</Count>
      </Card>
      <Card>
        <Id>ULD_268</Id>
        <Count>2</Count>
      </Card>
      <Card>
        <Id>DAL_039</Id>
        <Count>2</Count>
      </Card>
      <Card>
        <Id>TRL_258</Id>
        <Count>2</Count>
      </Card>
      <Card>
        <Id>ULD_270</Id>
        <Count>2</Count>
      </Card>
      <Card>
        <Id>BOT_548</Id>
        <Count>1</Count>
      </Card>
      <Card>
        <Id>ULD_208</Id>
        <Count>2</Count>
      </Card>
      <Card>
        <Id>DAL_554</Id>
        <Count>1</Count>
      </Card>
      <Card>
        <Id>DAL_592</Id>
        <Count>2</Count>
      </Card>
      <Card>
        <Id>TRL_513</Id>
        <Count>2</Count>
      </Card>
      <Card>
        <Id>DAL_724</Id>
        <Count>2</Count>
      </Card>
      <Card>
        <Id>ULD_718</Id>
        <Count>2</Count>
      </Card>
    </Cards>
    <Class>Priest</Class>
    <LastEdited>2019-11-08T16:04:37.4126425+01:00</LastEdited>
    <MissingCards />
    <Url />
    <Version>
      <Build>0</Build>
      <Major>1</Major>
      <Minor>0</Minor>
      <Revision>0</Revision>
    </Version>
    <DeckHistory />
    <Archived>false</Archived>
    <HsId>1851093681</HsId>
    <Note />
    <SelectedVersion>
      <Build>0</Build>
      <Major>1</Major>
      <Minor>0</Minor>
      <Revision>0</Revision>
    </SelectedVersion>
    <IsArenaDeck>false</IsArenaDeck>
    <IsDungeonDeck>false</IsDungeonDeck>
    <DeckId>fae8dd7d-6465-4f2e-af8d-8c19487f4c87</DeckId>
    <Name>QUEST PRIEST</Name>
    <Tags />
  </Deck>
  <Deck>
    <Cards>
      <Card>
        <Id>EX1_169</Id>
        <Count>1</Count>
      </Card>
      <Card>
        <Id>TRL_243</Id>
        <Count>1</Count>
      </Card>
      <Card>
        <Id>ULD_131</Id>
        <Count>1</Count>
      </Card>
      <Card>
        <Id>ULD_136</Id>
        <Count>2</Count>
      </Card>
      <Card>
        <Id>ULD_133</Id>
        <Count>2</Count>
      </Card>
      <Card>
        <Id>EX1_154</Id>
        <Count>2</Count>
      </Card>
      <Card>
        <Id>ULD_003</Id>
        <Count>1</Count>
      </Card>
      <Card>
        <Id>GIL_637</Id>
        <Count>2</Count>
      </Card>
      <Card>
        <Id>TRL_343</Id>
        <Count>1</Count>
      </Card>
      <Card>
        <Id>BOT_434</Id>
        <Count>1</Count>
      </Card>
      <Card>
        <Id>CS2_012</Id>
        <Count>2</Count>
      </Card>
      <Card>
        <Id>ULD_138</Id>
        <Count>2</Count>
      </Card>
      <Card>
        <Id>ULD_139</Id>
        <Count>1</Count>
      </Card>
      <Card>
        <Id>ULD_292</Id>
        <Count>2</Count>
      </Card>
      <Card>
        <Id>NEW1_007</Id>
        <Count>2</Count>
      </Card>
      <Card>
        <Id>ULD_135</Id>
        <Count>2</Count>
      </Card>
      <Card>
        <Id>EX1_164</Id>
        <Count>2</Count>
      </Card>
      <Card>
        <Id>DAL_554</Id>
        <Count>1</Count>
      </Card>
      <Card>
        <Id>EX1_573</Id>
        <Count>1</Count>
      </Card>
      <Card>
        <Id>ULD_304</Id>
        <Count>1</Count>
      </Card>
    </Cards>
    <Class>Druid</Class>
    <LastEdited>2019-11-08T16:04:37.4126425+01:00</LastEdited>
    <MissingCards />
    <Url />
    <Version>
      <Build>0</Build>
      <Major>1</Major>
      <Minor>0</Minor>
      <Revision>0</Revision>
    </Version>
    <DeckHistory />
    <Archived>false</Archived>
    <HsId>1851843128</HsId>
    <Note />
    <SelectedVersion>
      <Build>0</Build>
      <Major>1</Major>
      <Minor>0</Minor>
      <Revision>0</Revision>
    </SelectedVersion>
    <IsArenaDeck>false</IsArenaDeck>
    <IsDungeonDeck>false</IsDungeonDeck>
    <DeckId>22adc9fa-f7ad-4e18-a83b-69ec0653c0f5</DeckId>
    <Name>QUEST DRUID</Name>
    <Tags />
  </Deck>
  <Deck>
    <Cards>
      <Card>
        <Id>DAL_071</Id>
        <Count>1</Count>
      </Card>
      <Card>
        <Id>ULD_291</Id>
        <Count>1</Count>
      </Card>
      <Card>
        <Id>WE1_014</Id>
        <Count>2</Count>
      </Card>
      <Card>
        <Id>DAL_433</Id>
        <Count>2</Count>
      </Card>
      <Card>
        <Id>DAL_400</Id>
        <Count>2</Count>
      </Card>
      <Card>
        <Id>ULD_276</Id>
        <Count>2</Count>
      </Card>
      <Card>
        <Id>EX1_015</Id>
        <Count>2</Count>
      </Card>
      <Card>
        <Id>ULD_157</Id>
        <Count>2</Count>
      </Card>
      <Card>
        <Id>ULD_158</Id>
        <Count>2</Count>
      </Card>
      <Card>
        <Id>TRL_059</Id>
        <Count>1</Count>
      </Card>
      <Card>
        <Id>ULD_719</Id>
        <Count>2</Count>
      </Card>
      <Card>
        <Id>EX1_085</Id>
        <Count>2</Count>
      </Card>
      <Card>
        <Id>ULD_170</Id>
        <Count>2</Count>
      </Card>
      <Card>
        <Id>GIL_622</Id>
        <Count>2</Count>
      </Card>
      <Card>
        <Id>GIL_584</Id>
        <Count>1</Count>
      </Card>
      <Card>
        <Id>DAL_546</Id>
        <Count>1</Count>
      </Card>
      <Card>
        <Id>ULD_169</Id>
        <Count>2</Count>
      </Card>
      <Card>
        <Id>GIL_820</Id>
        <Count>1</Count>
      </Card>
    </Cards>
    <Class>Shaman</Class>
    <LastEdited>2019-11-08T16:04:37.4126425+01:00</LastEdited>
    <MissingCards />
    <Url />
    <Version>
      <Build>0</Build>
      <Major>1</Major>
      <Minor>0</Minor>
      <Revision>0</Revision>
    </Version>
    <DeckHistory />
    <Archived>false</Archived>
    <HsId>1861775843</HsId>
    <Note />
    <SelectedVersion>
      <Build>0</Build>
      <Major>1</Major>
      <Minor>0</Minor>
      <Revision>0</Revision>
    </SelectedVersion>
    <IsArenaDeck>false</IsArenaDeck>
    <IsDungeonDeck>false</IsDungeonDeck>
    <DeckId>923e6739-8bb4-405e-bcda-5d37a8b6432b</DeckId>
    <Name>QUEST</Name>
    <Tags />
  </Deck>
  <Deck>
    <Cards>
      <Card>
        <Id>CS2_072</Id>
        <Count>2</Count>
      </Card>
      <Card>
        <Id>EX1_144</Id>
        <Count>2</Count>
      </Card>
      <Card>
        <Id>ULD_186</Id>
        <Count>2</Count>
      </Card>
      <Card>
        <Id>WE1_029</Id>
        <Count>2</Count>
      </Card>
      <Card>
        <Id>DAL_400</Id>
        <Count>2</Count>
      </Card>
      <Card>
        <Id>EX1_581</Id>
        <Count>2</Count>
      </Card>
      <Card>
        <Id>DAL_714</Id>
        <Count>2</Count>
      </Card>
      <Card>
        <Id>GIL_827</Id>
        <Count>2</Count>
      </Card>
      <Card>
        <Id>EX1_613</Id>
        <Count>1</Count>
      </Card>
      <Card>
        <Id>DAL_415</Id>
        <Count>2</Count>
      </Card>
      <Card>
        <Id>EX1_129</Id>
        <Count>1</Count>
      </Card>
      <Card>
        <Id>DAL_416</Id>
        <Count>2</Count>
      </Card>
      <Card>
        <Id>GIL_622</Id>
        <Count>1</Count>
      </Card>
      <Card>
        <Id>TRL_092</Id>
        <Count>1</Count>
      </Card>
      <Card>
        <Id>DAL_716</Id>
        <Count>2</Count>
      </Card>
      <Card>
        <Id>DAL_720</Id>
        <Count>2</Count>
      </Card>
      <Card>
        <Id>EX1_116</Id>
        <Count>1</Count>
      </Card>
      <Card>
        <Id>DAL_417</Id>
        <Count>1</Count>
      </Card>
    </Cards>
    <Class>Rogue</Class>
    <LastEdited>2019-11-08T16:04:37.4136416+01:00</LastEdited>
    <MissingCards />
    <Url />
    <Version>
      <Build>0</Build>
      <Major>1</Major>
      <Minor>0</Minor>
      <Revision>0</Revision>
    </Version>
    <DeckHistory />
    <Archived>false</Archived>
    <HsId>1862887126</HsId>
    <Note />
    <SelectedVersion>
      <Build>0</Build>
      <Major>1</Major>
      <Minor>0</Minor>
      <Revision>0</Revision>
    </SelectedVersion>
    <IsArenaDeck>false</IsArenaDeck>
    <IsDungeonDeck>false</IsDungeonDeck>
    <DeckId>8990f902-e5a0-4285-ac75-7af1b69adbcc</DeckId>
    <Name>SHARK TEMPO</Name>
    <Tags />
  </Deck>
  <Deck>
    <Cards>
      <Card>
        <Id>CS2_072</Id>
        <Count>2</Count>
      </Card>
      <Card>
        <Id>EX1_144</Id>
        <Count>2</Count>
      </Card>
      <Card>
        <Id>ULD_186</Id>
        <Count>2</Count>
      </Card>
      <Card>
        <Id>WE1_029</Id>
        <Count>2</Count>
      </Card>
      <Card>
        <Id>EX1_124</Id>
        <Count>2</Count>
      </Card>
      <Card>
        <Id>EX1_581</Id>
        <Count>2</Count>
      </Card>
      <Card>
        <Id>DAL_714</Id>
        <Count>2</Count>
      </Card>
      <Card>
        <Id>GIL_827</Id>
        <Count>2</Count>
      </Card>
      <Card>
        <Id>EX1_613</Id>
        <Count>1</Count>
      </Card>
      <Card>
        <Id>DAL_415</Id>
        <Count>2</Count>
      </Card>
      <Card>
        <Id>EX1_044</Id>
        <Count>2</Count>
      </Card>
      <Card>
        <Id>WE1_028</Id>
        <Count>1</Count>
      </Card>
      <Card>
        <Id>DAL_416</Id>
        <Count>2</Count>
      </Card>
      <Card>
        <Id>DAL_716</Id>
        <Count>2</Count>
      </Card>
      <Card>
        <Id>DAL_720</Id>
        <Count>2</Count>
      </Card>
      <Card>
        <Id>EX1_116</Id>
        <Count>1</Count>
      </Card>
      <Card>
        <Id>BOT_242</Id>
        <Count>1</Count>
      </Card>
    </Cards>
    <Class>Rogue</Class>
    <LastEdited>2019-11-08T16:04:37.4136416+01:00</LastEdited>
    <MissingCards />
    <Url />
    <Version>
      <Build>0</Build>
      <Major>1</Major>
      <Minor>0</Minor>
      <Revision>0</Revision>
    </Version>
    <DeckHistory />
    <Archived>false</Archived>
    <HsId>1864131149</HsId>
    <Note />
    <SelectedVersion>
      <Build>0</Build>
      <Major>1</Major>
      <Minor>0</Minor>
      <Revision>0</Revision>
    </SelectedVersion>
    <IsArenaDeck>false</IsArenaDeck>
    <IsDungeonDeck>false</IsDungeonDeck>
    <DeckId>ab74ac23-d84b-45ad-b3db-2eee82b19a3c</DeckId>
    <Name>TEMPO QUESTING</Name>
    <Tags />
  </Deck>
  <Deck>
    <Cards>
      <Card>
        <Id>EX1_169</Id>
        <Count>2</Count>
      </Card>
      <Card>
        <Id>CS2_008</Id>
        <Count>2</Count>
      </Card>
      <Card>
        <Id>DAL_350</Id>
        <Count>1</Count>
      </Card>
      <Card>
        <Id>ULD_131</Id>
        <Count>1</Count>
      </Card>
      <Card>
        <Id>ULD_136</Id>
        <Count>1</Count>
      </Card>
      <Card>
        <Id>ULD_133</Id>
        <Count>2</Count>
      </Card>
      <Card>
        <Id>EX1_154</Id>
        <Count>2</Count>
      </Card>
      <Card>
        <Id>GIL_637</Id>
        <Count>2</Count>
      </Card>
      <Card>
        <Id>TRL_343</Id>
        <Count>1</Count>
      </Card>
      <Card>
        <Id>BOT_434</Id>
        <Count>1</Count>
      </Card>
      <Card>
        <Id>CS2_012</Id>
        <Count>2</Count>
      </Card>
      <Card>
        <Id>ULD_138</Id>
        <Count>1</Count>
      </Card>
      <Card>
        <Id>ULD_139</Id>
        <Count>1</Count>
      </Card>
      <Card>
        <Id>ULD_292</Id>
        <Count>2</Count>
      </Card>
      <Card>
        <Id>NEW1_007</Id>
        <Count>2</Count>
      </Card>
      <Card>
        <Id>ULD_135</Id>
        <Count>1</Count>
      </Card>
      <Card>
        <Id>EX1_164</Id>
        <Count>2</Count>
      </Card>
      <Card>
        <Id>BOT_423</Id>
        <Count>1</Count>
      </Card>
      <Card>
        <Id>DAL_752</Id>
        <Count>1</Count>
      </Card>
      <Card>
        <Id>EX1_563</Id>
        <Count>1</Count>
      </Card>
      <Card>
        <Id>WE1_022</Id>
        <Count>1</Count>
      </Card>
    </Cards>
    <Class>Druid</Class>
    <LastEdited>2019-11-08T16:04:37.4136416+01:00</LastEdited>
    <MissingCards />
    <Url />
    <Version>
      <Build>0</Build>
      <Major>1</Major>
      <Minor>0</Minor>
      <Revision>0</Revision>
    </Version>
    <DeckHistory />
    <Archived>false</Archived>
    <HsId>1864921884</HsId>
    <Note />
    <SelectedVersion>
      <Build>0</Build>
      <Major>1</Major>
      <Minor>0</Minor>
      <Revision>0</Revision>
    </SelectedVersion>
    <IsArenaDeck>false</IsArenaDeck>
    <IsDungeonDeck>false</IsDungeonDeck>
    <DeckId>fa901f11-325f-4b45-ad8f-ce78298352ed</DeckId>
    <Name>MALYGOS</Name>
    <Tags />
  </Deck>
  <Deck>
    <Cards>
      <Card>
        <Id>EX1_621</Id>
        <Count>2</Count>
      </Card>
      <Card>
        <Id>EX1_332</Id>
        <Count>2</Count>
      </Card>
      <Card>
        <Id>BOT_517</Id>
        <Count>1</Count>
      </Card>
      <Card>
        <Id>ULD_191</Id>
        <Count>2</Count>
      </Card>
      <Card>
        <Id>CS1_129</Id>
        <Count>2</Count>
      </Card>
      <Card>
        <Id>EX1_001</Id>
        <Count>2</Count>
      </Card>
      <Card>
        <Id>CS2_235</Id>
        <Count>2</Count>
      </Card>
      <Card>
        <Id>CS2_004</Id>
        <Count>2</Count>
      </Card>
      <Card>
        <Id>CS2_236</Id>
        <Count>2</Count>
      </Card>
      <Card>
        <Id>ULD_271</Id>
        <Count>2</Count>
      </Card>
      <Card>
        <Id>ULD_196</Id>
        <Count>2</Count>
      </Card>
      <Card>
        <Id>NEW1_020</Id>
        <Count>2</Count>
      </Card>
      <Card>
        <Id>EX1_007</Id>
        <Count>2</Count>
      </Card>
      <Card>
        <Id>CS2_181</Id>
        <Count>2</Count>
      </Card>
      <Card>
        <Id>ULD_262</Id>
        <Count>1</Count>
      </Card>
      <Card>
        <Id>ULD_268</Id>
        <Count>2</Count>
      </Card>
    </Cards>
    <Class>Priest</Class>
    <LastEdited>2019-11-08T16:04:37.4146416+01:00</LastEdited>
    <MissingCards />
    <Url />
    <Version>
      <Build>0</Build>
      <Major>1</Major>
      <Minor>0</Minor>
      <Revision>0</Revision>
    </Version>
    <DeckHistory />
    <Archived>false</Archived>
    <HsId>1865145308</HsId>
    <Note />
    <SelectedVersion>
      <Build>0</Build>
      <Major>1</Major>
      <Minor>0</Minor>
      <Revision>0</Revision>
    </SelectedVersion>
    <IsArenaDeck>false</IsArenaDeck>
    <IsDungeonDeck>false</IsDungeonDeck>
    <DeckId>96003041-c6b7-4993-884d-1603c8ed0712</DeckId>
    <Name>COMBO</Name>
    <Tags />
  </Deck>
  <LastDeckClass>
    <DeckInfo>
      <Class>Paladin</Class>
      <Id>109fe4b1-1e53-41e9-bcab-cd41197e373e</Id>
      <Name>Custom Paladin</Name>
    </DeckInfo>
    <DeckInfo>
      <Class>Warrior</Class>
      <Id>ec95aeb9-a571-4258-a74f-4a85eae48f2e</Id>
      <Name>N'Zoth Warrior</Name>
    </DeckInfo>
    <DeckInfo>
      <Class>Mage</Class>
      <Id>8b2338d8-ce7b-4e8d-a254-bb30526393ea</Id>
      <Name>TEMPO BURN</Name>
    </DeckInfo>
    <DeckInfo>
      <Class>Shaman</Class>
      <Id>db3d6190-6dae-46f2-99b7-923beb22d78d</Id>
      <Name>QUEST</Name>
    </DeckInfo>
    <DeckInfo>
      <Class>Hunter</Class>
      <Id>ad34ba0a-a539-4516-bab7-381372fb0fe2</Id>
      <Name>HIGHLANDER HUNTER</Name>
    </DeckInfo>
    <DeckInfo>
      <Class>Rogue</Class>
      <Id>49af4f78-3fb1-48a3-afc6-e8d76e272de6</Id>
      <Name>TEMPO QUESTING</Name>
    </DeckInfo>
    <DeckInfo>
      <Class>Druid</Class>
      <Id>ab228bb8-1918-44f5-a654-8a4923a3a951</Id>
      <Name>MALYGOS</Name>
    </DeckInfo>
    <DeckInfo>
      <Class>Warlock</Class>
      <Id>29bb1bf7-82b1-47f0-84c5-1e52ec285289</Id>
      <Name>ZOO WARLOCK</Name>
    </DeckInfo>
    <DeckInfo>
      <Class>Priest</Class>
      <Id>96003041-c6b7-4993-884d-1603c8ed0712</Id>
      <Name>COMBO</Name>
    </DeckInfo>
  </LastDeckClass>
</Decks>