<?xml version="1.0" encoding="utf-8"?>
<DeckStatsList xmlns:xsi="http://www.w3.org/2001/XMLSchema-instance" xmlns:xsd="http://www.w3.org/2001/XMLSchema">
  <DeckStats>
    <Deck>
      <DeckId>485f52a2-a0d0-4bea-980a-cadd1e70cf6c</DeckId>
      <Games />
      <Name>ZOO</Name>
    </Deck>
    <Deck>
      <DeckId>96003041-c6b7-4993-884d-1603c8ed0712</DeckId>
      <Games />
      <Name>COMBO</Name>
    </Deck>
    <Deck>
      <DeckId>3f0f1e05-9ca0-4ab8-8cd7-d05a4a120faa</DeckId>
      <Games />
      <Name>CONTROL WARRIOR</Name>
    </Deck>
    <Deck>
      <DeckId>a0daccb0-f40d-4c2c-b4fd-a976d3cf994f</DeckId>
      <Games />
      <Name />
    </Deck>
    <Deck>
      <DeckId>089840ff-4d66-46d7-98e5-f26540cc4cf2</DeckId>
      <Games />
      <Name>TOGWAGGLE ROGUE</Name>
    </Deck>
    <Deck>
      <DeckId>c30fffe6-b036-4e56-b587-a203b21c9d0b</DeckId>
      <Games />
      <Name>Spells</Name>
    </Deck>
    <Deck>
      <DeckId>abc4898b-4fb2-4ada-bbe0-87e2f7eedf0f</DeckId>
      <Games />
      <Name>BOMB WARRIOR</Name>
    </Deck>
    <Deck>
      <DeckId>ead34694-a264-4071-9ff6-6fce01b8c488</DeckId>
      <Games />
      <Name>Use no deck</Name>
    </Deck>
    <Deck>
      <DeckId>09456bbf-82d1-45d2-b504-bccd53380e84</DeckId>
      <Games />
      <Name>Morphosis</Name>
    </Deck>
    <Deck>
      <DeckId>7166f681-c26a-4fcc-b99d-8222e0f98e4b</DeckId>
      <Games />
      <Name />
    </Deck>
    <Deck>
      <DeckId>e8e1e959-bad2-4023-86c2-1b3b0e365ad2</DeckId>
      <Games />
      <Name>MECH HUNTER</Name>
    </Deck>
    <Deck>
      <DeckId>e0a211f7-aa89-4371-9d3c-8f9839a72592</DeckId>
      <Games />
      <Name>Shark</Name>
    </Deck>
    <Deck>
      <DeckId>eb5b9f25-12e0-417b-abba-261785d661c6</DeckId>
      <Games />
      <Name>SHARK TOGWAGGLE ROGUE</Name>
    </Deck>
    <Deck>
      <DeckId>a99c84c4-df48-4bc2-9ea7-9de22f16ce81</DeckId>
      <Games />
      <Name>DOG ROGUE</Name>
    </Deck>
    <Deck>
      <DeckId>e4b5e105-1371-4050-9047-32356a6fca86</DeckId>
      <Games />
      <Name>SHARK TOGWAGGLE ROGUE</Name>
    </Deck>
    <Deck>
      <DeckId>5bce4c0c-50b4-4c5f-8978-e8cf18044425</DeckId>
      <Games />
      <Name>SHARK TOGWAGGLE ROGUE</Name>
    </Deck>
    <Deck>
      <DeckId>5c3444f5-73df-47ca-b1b5-8670f750cf47</DeckId>
      <Games />
      <Name />
    </Deck>
    <Deck>
      <DeckId>5f1cfb9e-324f-42a6-b213-43337137a534</DeckId>
      <Games />
      <Name>CYCLONE MAGE</Name>
    </Deck>
    <Deck>
      <DeckId>8a6c8a58-92dd-4200-804e-abd4b5b37649</DeckId>
      <Games />
      <Name>BIG CLONING PRIEST</Name>
    </Deck>
    <Deck>
      <DeckId>1e8747bf-d068-46bc-9946-c9fdc9923c7f</DeckId>
      <Games />
      <Name>CYCLONE MAGE</Name>
    </Deck>
    <Deck>
      <DeckId>36a87979-8b74-4f0e-af67-210549adf548</DeckId>
      <Games />
      <Name>Morphosis</Name>
    </Deck>
    <Deck>
      <DeckId>29bb1bf7-82b1-47f0-84c5-1e52ec285289</DeckId>
      <Games />
      <Name>ZOO WARLOCK</Name>
    </Deck>
    <Deck>
      <DeckId>504e42a1-bdc0-4523-bf11-ec07dd46b96e</DeckId>
      <Games />
      <Name />
    </Deck>
    <Deck>
      <DeckId>660f28a8-1679-4fba-908c-f8ef539d9163</DeckId>
      <Games />
      <Name>Custom Hunter2</Name>
    </Deck>
    <Deck>
      <DeckId>94f4279b-1037-4f5d-b165-0c2e7e35e802</DeckId>
      <Games />
      <Name>CYCLONE MAGE</Name>
    </Deck>
    <Deck>
      <DeckId>d965d425-87de-45bf-a2dd-7c22d6eb00b0</DeckId>
      <Games />
      <Name>TEMPO ROGUE</Name>
    </Deck>
    <Deck>
      <DeckId>36a5d111-9986-44ae-85a5-6a24424420f6</DeckId>
      <Games />
      <Name>HIGHLANDER</Name>
    </Deck>
    <Deck>
      <DeckId>bb31b681-26ae-4b45-9a43-7721028a039d</DeckId>
      <Games />
      <Name />
    </Deck>
    <Deck>
      <DeckId>1ad46315-073a-4cc8-844f-4b31952d0bfd</DeckId>
      <Games />
      <Name>QUEST</Name>
    </Deck>
    <Deck>
      <DeckId>3daa0bee-a151-4ae8-af43-ad28637fd84b</DeckId>
      <Games />
      <Name>DRAGON</Name>
    </Deck>
    <Deck>
      <DeckId>5783ecb7-b74a-4886-b4b0-d3fa81b2aef8</DeckId>
      <Games />
      <Name>HIGHLANDER HUNTER</Name>
    </Deck>
    <Deck>
      <DeckId>07bbf052-54b5-4066-a9b5-8ae2de551edc</DeckId>
      <Games />
      <Name />
    </Deck>
    <Deck>
      <DeckId>f3eb5d3d-2cd4-45ac-9711-d8a853b92bbe</DeckId>
      <Games />
      <Name>Galakrond Warrior</Name>
    </Deck>
    <Deck>
      <DeckId>ad34ba0a-a539-4516-bab7-381372fb0fe2</DeckId>
      <Games />
      <Name>HIGHLANDER HUNTER</Name>
    </Deck>
    <Deck>
      <DeckId>dc3f4d8c-8599-4917-bd36-d447929c2c00</DeckId>
      <Games />
      <Name>Galakrond Tog</Name>
    </Deck>
    <Deck>
      <DeckId>9049532e-927c-4c40-9101-84046266985b</DeckId>
      <Games />
      <Name>CONTROL SHAMAN</Name>
    </Deck>
    <Deck>
      <DeckId>d9c50103-a267-4f30-91b6-741916543051</DeckId>
      <Games />
      <Name>CONTROL WARLOCK</Name>
    </Deck>
    <Deck>
      <DeckId>70ff93da-f232-4c8b-b5ae-44deab5ac138</DeckId>
      <Games />
      <Name>PIRATE NOMI ROGUE</Name>
    </Deck>
    <Deck>
      <DeckId>ce0f3e4e-96cb-4c08-a889-57d084e90249</DeckId>
      <Games />
      <Name>Galakrond Warrior</Name>
    </Deck>
    <Deck>
      <DeckId>f8cde2d8-5a37-4344-ae0d-de7820ac4dfc</DeckId>
      <Games />
      <Name>CONTROL WARRIOR</Name>
    </Deck>
    <Deck>
      <DeckId>a558fe50-06a4-43fb-83f4-ed03de58ef57</DeckId>
      <Games />
      <Name>HIGHLANDER HUNTER</Name>
    </Deck>
    <Deck>
      <DeckId>7a5f113f-e3cc-4677-a1fd-0e529476fe48</DeckId>
      <Games />
      <Name>CYCLONE MAGE</Name>
    </Deck>
    <Deck>
      <DeckId>50ddce97-6168-4aeb-922c-36baca2ff620</DeckId>
      <Games />
      <Name>Galakrond</Name>
    </Deck>
    <Deck>
      <DeckId>5ce2074d-291e-4014-9b5a-f8cbd78eb266</DeckId>
      <Games />
      <Name>Quest</Name>
    </Deck>
    <Deck>
      <DeckId>22d55912-6b4d-4ac5-86a2-948806e144d7</DeckId>
      <Games />
      <Name>QUEST</Name>
    </Deck>
    <Deck>
      <DeckId>5d5102a1-abef-4b72-8b80-d06b582b91d6</DeckId>
      <Games />
      <Name />
    </Deck>
    <Deck>
      <DeckId>ee74ef32-1274-4ce3-84cb-1a6b05ed5f90</DeckId>
      <Games />
      <Name>DEATHRATTLE ROGUE</Name>
    </Deck>
    <Deck>
      <DeckId>606ee8ec-5eb6-445c-b1d8-85d6c4cabb66</DeckId>
      <Games />
      <Name>Spells</Name>
    </Deck>
    <Deck>
      <DeckId>d214b854-8836-4cdb-bbdd-43738590e303</DeckId>
      <Games />
      <Name>PIRATE NOMI ROGUE</Name>
    </Deck>
    <Deck>
      <DeckId>76b4a03d-4809-4d00-8d34-b29eb49934cc</DeckId>
      <Games />
      <Name>TEMPO ROGUE</Name>
    </Deck>
    <Deck>
      <DeckId>e9992de8-986f-4fad-b33a-7ea9b8e3bfd3</DeckId>
      <Games />
      <Name>DRAGON WARRIOR</Name>
    </Deck>
    <Deck>
      <DeckId>9a416e1e-606e-4526-a827-ae92a9a4012b</DeckId>
      <Games />
      <Name />
    </Deck>
    <Deck>
      <DeckId>ed9123dc-7fff-4001-8c6a-d6593c1d24aa</DeckId>
      <Games />
      <Name>Use no deck</Name>
    </Deck>
    <Deck>
      <DeckId>e5f7e460-0592-4643-9d81-7b30c9159d94</DeckId>
      <Games />
      <Name>BIG CLONING PRIEST</Name>
    </Deck>
    <Deck>
      <DeckId>36dd8c5a-b32c-4c4d-8ee5-8dad323ca4d0</DeckId>
      <Games />
      <Name>Galakrond</Name>
    </Deck>
    <Deck>
      <DeckId>975133f7-d72c-4865-932e-c1d1713c66e0</DeckId>
      <Games />
      <Name />
    </Deck>
    <Deck>
      <DeckId>9aa77a67-be1d-4c85-b931-399bd182b9ae</DeckId>
      <Games />
      <Name />
    </Deck>
    <Deck>
      <DeckId>726d2071-61a5-4bdc-9475-6781e30e6467</DeckId>
      <Games />
      <Name>BIG CLONING PRIEST</Name>
    </Deck>
    <Deck>
      <DeckId>023e02fb-2cc6-424e-81c4-580313ddbd95</DeckId>
      <Games />
      <Name>TEMPO QUESTING</Name>
    </Deck>
    <Deck>
      <DeckId>895baae8-5e88-4959-af8f-5021929c5966</DeckId>
      <Games />
      <Name>Galakrond Tog</Name>
    </Deck>
    <Deck>
      <DeckId>92b5a841-9c17-45f4-9052-4e1523578d25</DeckId>
      <Games />
      <Name>ZOO WARLOCK</Name>
    </Deck>
    <Deck>
      <DeckId>bc92b868-933b-46f2-a8a8-849706d08278</DeckId>
      <Games />
      <Name>Use no deck</Name>
    </Deck>
    <Deck>
      <DeckId>923e6739-8bb4-405e-bcda-5d37a8b6432b</DeckId>
      <Games />
      <Name>QUEST</Name>
    </Deck>
    <Deck>
      <DeckId>0036e79c-b0b8-435b-b572-0e727dbdbe88</DeckId>
      <Games />
      <Name>ZOO WARLOCK</Name>
    </Deck>
    <Deck>
      <DeckId>a1576be1-c5ab-429a-ae74-846976f518be</DeckId>
      <Games />
      <Name>COMBO MECH PRIEST</Name>
    </Deck>
    <Deck>
      <DeckId>72c94c4b-5394-4c7b-bada-e28e74c7144f</DeckId>
      <Games />
      <Name>MECH BOMB HUNTER</Name>
    </Deck>
    <Deck>
      <DeckId>76e0d5d2-e000-4a68-8eb3-f77c06fc9b8e</DeckId>
      <Games />
      <Name />
    </Deck>
    <Deck>
      <DeckId>52c55b96-f342-43e0-85bc-3d6ff858a529</DeckId>
      <Games />
      <Name>Morphosis</Name>
    </Deck>
    <Deck>
      <DeckId>8118f117-36aa-47f6-99b7-98e431bd079c</DeckId>
      <Games />
      <Name />
    </Deck>
    <Deck>
      <DeckId>212a8a13-3506-47ac-baa3-4a061bb6a59c</DeckId>
      <Games />
      <Name>BEAST</Name>
    </Deck>
    <Deck>
      <DeckId>749c3c16-05eb-4e5e-831a-6d9d58349ea1</DeckId>
      <Games />
      <Name>Plot Twist</Name>
    </Deck>
    <Deck>
      <DeckId>7d34ffe8-a6b0-464b-b592-51137cfa9e48</DeckId>
      <Games />
      <Name>Face</Name>
    </Deck>
    <Deck>
      <DeckId>2266ee41-18f0-4118-a9bd-50e863a15c0a</DeckId>
      <Games />
      <Name>MECH</Name>
    </Deck>
    <Deck>
      <DeckId>111d4b16-3a94-4a43-a7dd-70400f108c41</DeckId>
      <Games />
      <Name />
    </Deck>
    <Deck>
      <DeckId>c14191a4-9b4c-4103-b5bb-3c6fdc0ac1e7</DeckId>
      <Games />
      <Name />
    </Deck>
    <Deck>
      <DeckId>daf7ed0c-fa1c-4587-8b58-181aae4a65c9</DeckId>
      <Games />
      <Name />
    </Deck>
    <Deck>
      <DeckId>ef0e4efd-1e71-492f-ac34-45736843a9f1</DeckId>
      <Games />
      <Name />
    </Deck>
    <Deck>
      <DeckId>e190f503-fda6-4172-b651-c2ab89a82d35</DeckId>
      <Games />
      <Name />
    </Deck>
    <Deck>
      <DeckId>a1917e1d-c887-4fd4-8037-17a68b2b8940</DeckId>
      <Games />
      <Name />
    </Deck>
    <Deck>
      <DeckId>8f9f3ca2-95cc-4080-bf33-77dc10b8d447</DeckId>
      <Games />
      <Name>Morphosis</Name>
    </Deck>
    <Deck>
      <DeckId>bb3af514-22b8-4dd5-a523-c717107e1442</DeckId>
      <Games />
      <Name />
    </Deck>
    <Deck>
      <DeckId>f0070950-5e70-4d98-9dcb-0e322936e12e</DeckId>
      <Games />
      <Name>CONJURE SEA GIANT MAGE</Name>
    </Deck>
    <Deck>
      <DeckId>53b66c0c-46a2-40a9-a8a8-6f5d208b671a</DeckId>
      <Games />
      <Name>TOKEN DRUID</Name>
    </Deck>
    <Deck>
      <DeckId>9e9abc2b-76f0-4021-8b22-0a7844b0d763</DeckId>
      <Games />
      <Name>Dragon</Name>
    </Deck>
    <Deck>
      <DeckId>5c93524a-a9e1-4182-9b90-a509b3f9af44</DeckId>
      <Games />
      <Name>TOKEN DRUID</Name>
    </Deck>
    <Deck>
      <DeckId>e344bd0d-20db-4883-85b9-fe4ccfd52988</DeckId>
      <Games />
      <Name>CONTROL WARLOCK</Name>
    </Deck>
    <Deck>
      <DeckId>f650e331-372e-4b83-b55a-ddbfc48cd717</DeckId>
      <Games />
      <Name />
    </Deck>
    <Deck>
      <DeckId>9f2385d2-7341-4232-90ca-d5bbc79e9aa9</DeckId>
      <Games />
      <Name>CONTROL WARRIOR</Name>
    </Deck>
    <Deck>
      <DeckId>46748b5b-539e-4eef-8716-ac255f2c5c5a</DeckId>
      <Games />
      <Name>ZOO</Name>
    </Deck>
    <Deck>
      <DeckId>55ff26b3-b813-4091-8cde-7c8be03e6bc7</DeckId>
      <Games />
      <Name>CYCLONE MAGE</Name>
    </Deck>
    <Deck>
      <DeckId>c75aabd3-f1ad-4686-af66-ffd0fa5f6339</DeckId>
      <Games />
      <Name />
    </Deck>
    <Deck>
      <DeckId>b89305e0-6a0b-4b89-ab63-a693c2731a07</DeckId>
      <Games />
      <Name>QUEST</Name>
    </Deck>
    <Deck>
      <DeckId>fd7285ce-2549-42a5-a3dc-83f008a22447</DeckId>
      <Games />
      <Name>Pog</Name>
    </Deck>
    <Deck>
      <DeckId>e49f0320-0dad-4ecd-b052-c78967cf24da</DeckId>
      <Games />
      <Name />
    </Deck>
    <Deck>
      <DeckId>e27f9966-6bd7-4420-bc9a-7959da944be7</DeckId>
      <Games />
      <Name />
    </Deck>
    <Deck>
      <DeckId>9a7fe3c4-6166-4e26-aab7-e5cf24d669a0</DeckId>
      <Games />
      <Name />
    </Deck>
    <Deck>
      <DeckId>7291f7f2-0538-4e32-a879-8a9b26c05d00</DeckId>
      <Games />
      <Name>Galakrond</Name>
    </Deck>
    <Deck>
      <DeckId>b055d65d-e716-4f2f-bc22-a1c6474ded87</DeckId>
      <Games />
      <Name />
    </Deck>
    <Deck>
      <DeckId>7940a665-21b8-416d-bdbf-14d467a933af</DeckId>
      <Games />
      <Name>Use no deck</Name>
    </Deck>
    <Deck>
      <DeckId>b2d066c3-6147-4987-8f10-3772bb627dc6</DeckId>
      <Games />
      <Name />
    </Deck>
    <Deck>
      <DeckId>bad50e1b-1d51-4872-885d-e3b94ff75b50</DeckId>
      <Games />
      <Name>Highlander</Name>
    </Deck>
    <Deck>
      <DeckId>9c85a768-9676-498e-ac74-4e689522fbf3</DeckId>
      <Games />
      <Name>TOGWAGGLE ROGUE</Name>
    </Deck>
    <Deck>
      <DeckId>167553a6-4710-4a34-ab92-6ab8dcc9305d</DeckId>
      <Games />
      <Name>MALYGOS</Name>
    </Deck>
    <Deck>
      <DeckId>d6cb68ac-a0ae-4037-8950-08564a62884b</DeckId>
      <Games />
      <Name />
    </Deck>
    <Deck>
      <DeckId>c75d8ec9-e48a-4a0d-957e-e8e33910e63b</DeckId>
      <Games />
      <Name>Galakrond Tog</Name>
    </Deck>
    <Deck>
      <DeckId>824dc2a9-5b08-4135-82b2-47665dde7228</DeckId>
      <Games />
      <Name>AGGRO SHAMAN</Name>
    </Deck>
    <Deck>
      <DeckId>dcbe611e-46a6-4450-8ae4-fdf100a2fb55</DeckId>
      <Games />
      <Name />
    </Deck>
    <Deck>
      <DeckId>b371e5c8-bca6-4920-ab98-c17f098685a2</DeckId>
      <Games />
      <Name>TOGWAGGLE ROGUE</Name>
    </Deck>
    <Deck>
      <DeckId>aa5efba2-19c4-4d8c-aaa0-6834372dc1e7</DeckId>
      <Games />
      <Name>MECH</Name>
    </Deck>
    <Deck>
      <DeckId>8d4b82bc-a52c-4ae1-bd8b-97d4f1435588</DeckId>
      <Games />
      <Name />
    </Deck>
    <Deck>
      <DeckId>19782208-c227-437d-a41f-a5e225614fc0</DeckId>
      <Games />
      <Name>COMBO PRIEST</Name>
    </Deck>
    <Deck>
      <DeckId>ab228bb8-1918-44f5-a654-8a4923a3a951</DeckId>
      <Games />
      <Name>MALYGOS</Name>
    </Deck>
    <Deck>
      <DeckId>2d6af587-9e18-47d2-baf2-44a14648501d</DeckId>
      <Games />
      <Name>Custom Shaman</Name>
    </Deck>
    <Deck>
      <DeckId>8fc99efa-2c34-4d04-b45b-85f692d0aa34</DeckId>
      <Games />
      <Name>CONTROL</Name>
    </Deck>
    <Deck>
      <DeckId>01a2b3db-8110-4d80-ad77-5fe317a0bb55</DeckId>
      <Games />
      <Name>MIDRANGE HUNTER</Name>
    </Deck>
    <Deck>
      <DeckId>68ad8f7e-8169-4656-8736-2d3befe6447d</DeckId>
      <Games />
      <Name>Morphosis</Name>
    </Deck>
    <Deck>
      <DeckId>93fe1080-44f6-4d3c-b67f-ebd2f138437c</DeckId>
      <Games />
      <Name>OTK</Name>
    </Deck>
    <Deck>
      <DeckId>ce78f76c-7ab7-429b-a373-ea13179b2b42</DeckId>
      <Games />
      <Name>CYCLONE MAGE</Name>
    </Deck>
    <Deck>
      <DeckId>5c8e2097-7994-466d-a92b-56f360ff7f69</DeckId>
      <Games />
      <Name>PIRATE NOMI ROGUE</Name>
    </Deck>
    <Deck>
      <DeckId>beaec001-0064-4e8d-92c2-cb20d0f99983</DeckId>
      <Games />
      <Name>Control</Name>
    </Deck>
    <Deck>
      <DeckId>18e7de28-e73c-4a95-a8cb-ca39401e4e3a</DeckId>
      <Games />
      <Name />
    </Deck>
    <Deck>
      <DeckId>860d4a32-ca8d-494c-86ca-3c08520d647a</DeckId>
      <Games />
      <Name>CONJURE SEA GIANT MAGE</Name>
    </Deck>
    <Deck>
      <DeckId>d8ea8734-7175-4bb8-8c0b-1875d64b8e1d</DeckId>
      <Games />
      <Name>MIDRANGE HUNTER</Name>
    </Deck>
    <Deck>
      <DeckId>bd1b3276-421f-4ef0-a5fc-7e7e2f12f16b</DeckId>
      <Games />
      <Name>TOGWAGGLE ROGUE</Name>
    </Deck>
    <Deck>
      <DeckId>a8d376b9-7ebf-4d1c-b41d-b431e60c5593</DeckId>
      <Games />
      <Name />
    </Deck>
    <Deck>
      <DeckId>21d454ab-dc89-4d59-9a47-59ab425096d1</DeckId>
      <Games />
      <Name>Face Hunter</Name>
    </Deck>
    <Deck>
      <DeckId>189baa14-ac5e-4c1a-a91f-732c8cf7ce7b</DeckId>
      <Games />
      <Name>CONTROL</Name>
    </Deck>
    <Deck>
      <DeckId>3dcca416-7061-4ecf-878f-a7551b02d60a</DeckId>
      <Games />
      <Name />
    </Deck>
    <Deck>
      <DeckId>122a141a-0f07-40aa-a308-c81dab541c79</DeckId>
      <Games />
      <Name />
    </Deck>
    <Deck>
      <DeckId>37b9faa0-928b-4346-b84d-fcc44490f560</DeckId>
      <Games />
      <Name>OTK</Name>
    </Deck>
    <Deck>
      <DeckId>13c958e1-73a3-46e2-918e-56ec9ca114b7</DeckId>
      <Games />
      <Name />
    </Deck>
    <Deck>
      <DeckId>fe7d6433-9cc9-4a59-a78a-e093ab6af641</DeckId>
      <Games />
      <Name>QUEST</Name>
    </Deck>
    <Deck>
      <DeckId>f38c4790-ad5b-4891-897b-6a5a95c8c7d8</DeckId>
      <Games />
      <Name>COMBO</Name>
    </Deck>
    <Deck>
      <DeckId>814373fe-5319-43c3-9cf7-ccff562975b8</DeckId>
      <Games />
      <Name>MALYGOS</Name>
    </Deck>
    <Deck>
      <DeckId>32662e79-8ea3-4237-9236-5f5244869a80</DeckId>
      <Games />
      <Name />
    </Deck>
    <Deck>
      <DeckId>5f4d0901-ab78-48a3-a911-a18cba4ff661</DeckId>
      <Games />
      <Name>Use no deck</Name>
    </Deck>
    <Deck>
      <DeckId>a579c9b1-6cb9-492e-bf08-36cc56b868d0</DeckId>
      <Games />
      <Name>QUEST DRUID</Name>
    </Deck>
    <Deck>
      <DeckId>310b8ef1-1a38-4bae-8a60-b672214b4064</DeckId>
      <Games />
      <Name>CONTROL DARIUS WARRIOR</Name>
    </Deck>
    <Deck>
      <DeckId>8e9f6e03-4cf2-44fe-8456-521d1c2f5f28</DeckId>
      <Games />
      <Name />
    </Deck>
    <Deck>
      <DeckId>cb4def7f-25e6-49d6-a3fd-95c0d34b9bb1</DeckId>
      <Games />
      <Name>CONTROL DRAGON WARRIOR</Name>
    </Deck>
    <Deck>
      <DeckId>607ef451-10ea-44d0-b440-e83cbcef0c4e</DeckId>
      <Games />
      <Name>Bigger is Better</Name>
    </Deck>
    <Deck>
      <DeckId>3bdede77-a290-45a6-9a5d-2c8e5bada124</DeckId>
      <Games />
      <Name />
    </Deck>
    <Deck>
      <DeckId>2309a46f-1840-42f3-8d5f-89a7e480c3a2</DeckId>
      <Games />
      <Name>CONTROL WARRIOR</Name>
    </Deck>
    <Deck>
      <DeckId>8f7aa15f-3ed5-4778-b368-4e32d6d5f6a2</DeckId>
      <Games />
      <Name>TEMPO QUESTING</Name>
    </Deck>
    <Deck>
      <DeckId>ae91fcaa-e8d8-4569-9fc7-1a2f43f16ae4</DeckId>
      <Games />
      <Name />
    </Deck>
    <Deck>
      <DeckId>511f8f42-d9be-4de5-a354-b32d9b0e315d</DeckId>
      <Games />
      <Name>CONJURE SEA GIANT MAGE</Name>
    </Deck>
    <Deck>
      <DeckId>0d13d38b-8f77-40cd-93e7-e3636cb3e386</DeckId>
      <Games />
      <Name>POGO ROGUE</Name>
    </Deck>
    <Deck>
      <DeckId>d78c8590-01fc-405a-b9d0-b97b3d4d2b33</DeckId>
      <Games />
      <Name>Morphosis</Name>
    </Deck>
    <Deck>
      <DeckId>3c7031cb-3368-44cc-bce4-c0681b79326e</DeckId>
      <Games />
      <Name />
    </Deck>
    <Deck>
      <DeckId>820e3b54-7bfa-4cbf-9e98-15a9dcd74670</DeckId>
      <Games />
      <Name>BEAST</Name>
    </Deck>
    <Deck>
      <DeckId>c23a7804-3f34-4f78-8c87-1f4aa18352ef</DeckId>
      <Games />
      <Name />
    </Deck>
    <Deck>
      <DeckId>41fb4b00-8ce5-4489-8672-bcb32b52ee7e</DeckId>
      <Games />
      <Name>Brawl 09-04 20:26</Name>
    </Deck>
    <Deck>
      <DeckId>1f3f8c45-5ee4-4e62-9450-54af8feb6779</DeckId>
      <Games />
      <Name>SHARK TOGWAGGLE ROGUE</Name>
    </Deck>
    <Deck>
      <DeckId>feff6e04-498f-4925-997c-fec3ad8ff6dd</DeckId>
      <Games />
      <Name />
    </Deck>
    <Deck>
      <DeckId>2fefc12c-030e-4e0b-9a9d-625510e6f176</DeckId>
      <Games />
      <Name />
    </Deck>
    <Deck>
      <DeckId>45dcd549-d114-420a-b0d1-d25caf2482dc</DeckId>
      <Games />
      <Name />
    </Deck>
    <Deck>
      <DeckId>47962ec2-41a4-4b10-82b2-5142141b6c35</DeckId>
      <Games />
      <Name />
    </Deck>
    <Deck>
      <DeckId>b44f6a21-d2f5-4c1f-99ca-17ccb815b6cc</DeckId>
      <Games />
      <Name>HIGHLANDER</Name>
    </Deck>
    <Deck>
      <DeckId>fd92c8cf-ccc7-46c0-99e0-648de7543b6a</DeckId>
      <Games />
      <Name>QUEST DRUID</Name>
    </Deck>
    <Deck>
      <DeckId>329f9226-4a1f-4b11-be92-34ffbf7a7913</DeckId>
      <Games />
      <Name>CONTROL WARRIOR</Name>
    </Deck>
    <Deck>
      <DeckId>16ac693b-cf1f-41f1-9f7c-7793abafaed6</DeckId>
      <Games />
      <Name>QUEST DRUID</Name>
    </Deck>
    <Deck>
      <DeckId>3f9ad215-8bd4-4940-a53b-2d08a131fefe</DeckId>
      <Games />
      <Name>Galakrond</Name>
    </Deck>
    <Deck>
      <DeckId>d1fad04c-4da2-4d51-99b4-141cc571cf77</DeckId>
      <Games />
      <Name>TOGWAGGLE ROGUE</Name>
    </Deck>
    <Deck>
      <DeckId>df91c2e2-8178-4cc0-9fc6-87ebd6615998</DeckId>
      <Games />
      <Name>ZOO WARLOCK</Name>
    </Deck>
    <Deck>
      <DeckId>408e5a84-d830-467d-8c0f-0946bbc4c13c</DeckId>
      <Games />
      <Name>DOG ROGUE</Name>
    </Deck>
    <Deck>
      <DeckId>c5341dbc-8d49-4e08-a33e-d9b168558841</DeckId>
      <Games />
      <Name>Malygos</Name>
    </Deck>
    <Deck>
      <DeckId>3e45a87b-2186-44a3-bfde-b30a39de2072</DeckId>
      <Games />
      <Name />
    </Deck>
    <Deck>
      <DeckId>94bc0bd3-e4ef-47a0-b94d-e219113e4fe9</DeckId>
      <Games />
      <Name>QUEST</Name>
    </Deck>
    <Deck>
      <DeckId>a1b2d70f-a163-490d-855f-663e5268e652</DeckId>
      <Games />
      <Name />
    </Deck>
    <Deck>
      <DeckId>48578ff2-7a4c-4789-83a6-d0791a814292</DeckId>
      <Games />
      <Name>CONTROL WARRIOR</Name>
    </Deck>
    <Deck>
      <DeckId>9151b5fc-4742-40a6-994a-f732b06e8763</DeckId>
      <Games />
      <Name />
    </Deck>
    <Deck>
      <DeckId>fe3a74d4-0935-42d5-b01c-7c2ad5e07d51</DeckId>
      <Games />
      <Name>Teron</Name>
    </Deck>
    <Deck>
      <DeckId>22adc9fa-f7ad-4e18-a83b-69ec0653c0f5</DeckId>
      <Games />
      <Name>QUEST DRUID</Name>
    </Deck>
    <Deck>
      <DeckId>c12ef862-287f-4b27-8761-0c688a5a3434</DeckId>
      <Games />
      <Name />
    </Deck>
    <Deck>
      <DeckId>c439f69a-657b-41a0-93ab-5442f9a52210</DeckId>
      <Games />
      <Name>Custom Shaman</Name>
    </Deck>
    <Deck>
      <DeckId>8f02e9e5-683a-4de6-88f7-2e97e66f28fa</DeckId>
      <Games />
      <Name />
    </Deck>
    <Deck>
      <DeckId>8b31b7fe-52e1-4c9f-a600-48c4daa7496c</DeckId>
      <Games />
      <Name>Demonhunter</Name>
    </Deck>
    <Deck>
      <DeckId>c49a2bcb-0146-4edf-af05-f87eea5257e7</DeckId>
      <Games />
      <Name>Use no deck</Name>
    </Deck>
    <Deck>
      <DeckId>8b2338d8-ce7b-4e8d-a254-bb30526393ea</DeckId>
      <Games />
      <Name>TEMPO BURN</Name>
    </Deck>
    <Deck>
      <DeckId>4a3aef6a-0dcd-4b65-b838-1a4615fedde8</DeckId>
      <Games />
      <Name>MECH HUNTER</Name>
    </Deck>
    <Deck>
      <DeckId>8c900685-4819-4f34-8536-7606ceb16a1b</DeckId>
      <Games />
      <Name>MURLOC SHAMAN</Name>
    </Deck>
    <Deck>
      <DeckId>24c2288c-7a53-4771-84cc-258dace9cf39</DeckId>
      <Games />
      <Name />
    </Deck>
    <Deck>
      <DeckId>b88a3fa1-6ccd-4b39-b6df-e24a7e2554d9</DeckId>
      <Games />
      <Name />
    </Deck>
    <Deck>
      <DeckId>fae8dd7d-6465-4f2e-af8d-8c19487f4c87</DeckId>
      <Games />
      <Name>QUEST PRIEST</Name>
    </Deck>
    <Deck>
      <DeckId>94e8c11e-820f-4578-bde4-ae0392cdf3b0</DeckId>
      <Games />
      <Name>Darklander</Name>
    </Deck>
    <Deck>
      <DeckId>3015ba81-efff-4d32-bcd8-d15dd2ebea01</DeckId>
      <Games />
      <Name>ZOO WARLOCK</Name>
    </Deck>
    <Deck>
      <DeckId>66534db8-23a6-480e-b726-87705bb0f6bc</DeckId>
      <Games />
      <Name />
    </Deck>
    <Deck>
      <DeckId>ae8a41e0-5c14-493d-8714-e2526d1bc40c</DeckId>
      <Games />
      <Name>CONTROL</Name>
    </Deck>
    <Deck>
      <DeckId>746066ac-c5a8-4680-8317-6fb66da41680</DeckId>
      <Games />
      <Name />
    </Deck>
    <Deck>
      <DeckId>03d4b193-03ca-4404-8679-1382d2bf2626</DeckId>
      <Games />
      <Name>MIRACLE PRIEST</Name>
    </Deck>
    <Deck>
      <DeckId>01d85fd2-492a-4ced-a7b7-74f863901d89</DeckId>
      <Games />
      <Name />
    </Deck>
    <Deck>
      <DeckId>bd53ece1-323f-4361-8cde-dbbb282764b6</DeckId>
      <Games />
      <Name>QUEST DRUID</Name>
    </Deck>
    <Deck>
      <DeckId>f4bb8123-3e50-4ea8-a0ba-fd0d1f7ec870</DeckId>
      <Games />
      <Name>TEMPO ROGUE</Name>
    </Deck>
    <Deck>
      <DeckId>48f55dc9-49da-4ba7-8f14-559350ba4b3a</DeckId>
      <Games />
      <Name>CYCLONE MAGE</Name>
    </Deck>
    <Deck>
      <DeckId>da73aa32-1bfc-4509-be59-722af158d6cc</DeckId>
      <Games />
      <Name>Tempo Galakrond</Name>
    </Deck>
    <Deck>
      <DeckId>76c6a37e-0e0e-46bb-a2cb-7cbdd56e31e6</DeckId>
      <Games />
      <Name />
    </Deck>
    <Deck>
      <DeckId>903001a8-9e43-4074-ba29-486459bf0fcf</DeckId>
      <Games />
      <Name>Dragon Hunter</Name>
    </Deck>
    <Deck>
      <DeckId>df8ee2a5-9a8c-48ad-b273-bb32353c1b27</DeckId>
      <Games />
      <Name />
    </Deck>
    <Deck>
      <DeckId>7eca6797-9c4a-4aca-b2c0-946a54f63bb8</DeckId>
      <Games />
      <Name />
    </Deck>
    <Deck>
      <DeckId>236c8a77-8b91-4289-86ce-925a9be34b98</DeckId>
      <Games />
      <Name>Custom Priest</Name>
    </Deck>
    <Deck>
      <DeckId>a86a8bf5-459e-4bd1-ab78-e3ccdf138f7a</DeckId>
      <Games />
      <Name>BOMB WARRIOR</Name>
    </Deck>
    <Deck>
      <DeckId>b5565cdf-f098-4e8e-a7f1-d8b7b2110bf6</DeckId>
      <Games />
      <Name>COMBO PRIEST</Name>
    </Deck>
    <Deck>
      <DeckId>344eba93-4218-4c56-8238-028e8c7e7455</DeckId>
      <Games />
      <Name>Spells</Name>
    </Deck>
    <Deck>
      <DeckId>f7455a0b-f66f-4723-8028-33a89b719271</DeckId>
      <Games />
      <Name />
    </Deck>
    <Deck>
      <DeckId>4999a94b-be14-4992-b3bc-f1d083d414fc</DeckId>
      <Games />
      <Name>POGO ROGUE</Name>
    </Deck>
    <Deck>
      <DeckId>87f4bea9-e092-43ae-b70f-892d2a71d382</DeckId>
      <Games />
      <Name>CONTROL PRIEST</Name>
    </Deck>
    <Deck>
      <DeckId>81954019-84a1-4d90-bc07-5aabb3dc5caa</DeckId>
      <Games />
      <Name />
    </Deck>
    <Deck>
      <DeckId>fdcd8b58-27bb-4d73-9a0b-a392a47009ce</DeckId>
      <Games />
      <Name />
    </Deck>
    <Deck>
      <DeckId>462cd7d4-cc6b-4b31-8c83-19500b16aeaf</DeckId>
      <Games />
      <Name>QUEST PRIEST</Name>
    </Deck>
    <Deck>
      <DeckId>eb75a96c-f446-4690-8a5f-e35a4d676f6d</DeckId>
      <Games />
      <Name>Face Hunter</Name>
    </Deck>
    <Deck>
      <DeckId>fbbf7745-1a0d-472e-bae9-4608b7449db6</DeckId>
      <Games />
      <Name>Morphosis</Name>
    </Deck>
    <Deck>
      <DeckId>962d4303-9a1c-405d-a52e-7442ee06d3d8</DeckId>
      <Games />
      <Name>SHARK TOGWAGGLE ROGUE</Name>
    </Deck>
    <Deck>
      <DeckId>df026e74-85c6-4504-a21f-ed6e7ec66058</DeckId>
      <Games />
      <Name>Use no deck</Name>
    </Deck>
    <Deck>
      <DeckId>5c7e104a-9d32-4874-a63e-35b004195171</DeckId>
      <Games />
      <Name>Morphosis</Name>
    </Deck>
    <Deck>
      <DeckId>748c058c-5bad-4dd9-bcff-87f0ededa192</DeckId>
      <Games />
      <Name />
    </Deck>
    <Deck>
      <DeckId>d46265da-81de-413a-a95a-549feaecf6ff</DeckId>
      <Games />
      <Name>TEMPO MECH ROGUE</Name>
    </Deck>
    <Deck>
      <DeckId>4b204589-4104-4028-8391-8ba09d2c9179</DeckId>
      <Games />
      <Name />
    </Deck>
    <Deck>
      <DeckId>6cd93b00-4f4b-496c-bbf6-c9de1c3bf760</DeckId>
      <Games />
      <Name>BEAST HUNTER</Name>
    </Deck>
    <Deck>
      <DeckId>2597845b-4c6c-4fbe-94e1-0bf9a4022d1f</DeckId>
      <Games />
      <Name />
    </Deck>
    <Deck>
      <DeckId>b5e0696c-b7d3-4212-bb73-a18b7559f0ab</DeckId>
      <Games />
      <Name>Demon Hunter</Name>
    </Deck>
    <Deck>
      <DeckId>e914459b-0d85-4b05-9c1f-e60bb183b6df</DeckId>
      <Games />
      <Name>Malygos</Name>
    </Deck>
    <Deck>
      <DeckId>4acbc333-edb5-4341-9be4-30489125fe6a</DeckId>
      <Games />
      <Name>SHARK TOGWAGGLE ROGUE</Name>
    </Deck>
    <Deck>
      <DeckId>e760f64e-c83a-4fe7-b141-f0dcf0dc7622</DeckId>
      <Games />
      <Name />
    </Deck>
    <Deck>
      <DeckId>08d7f1fc-440d-4308-a436-4b6d878464ee</DeckId>
      <Games />
      <Name>Highlander Quest</Name>
    </Deck>
    <Deck>
      <DeckId>b61f20cf-aec1-41a7-9726-a74288bd1ee0</DeckId>
      <Games />
      <Name />
    </Deck>
    <Deck>
      <DeckId>68a171be-1255-4f02-8da5-903d04514118</DeckId>
      <Games />
      <Name />
    </Deck>
    <Deck>
      <DeckId>71a067e3-8796-4b10-8211-7c549fbdf427</DeckId>
      <Games />
      <Name>GALAKROND TEMPO</Name>
    </Deck>
    <Deck>
      <DeckId>65f64ea2-b480-4631-9c7e-067154f3f580</DeckId>
      <Games />
      <Name />
    </Deck>
    <Deck>
      <DeckId>94aaa78d-1cf4-47ea-a98e-e5cbf4259136</DeckId>
      <Games />
      <Name>OTK</Name>
    </Deck>
    <Deck>
      <DeckId>585e5c97-acba-41ec-8554-a025fa9eb469</DeckId>
      <Games />
      <Name>Use no deck</Name>
    </Deck>
    <Deck>
      <DeckId>5ce94ce7-513a-450b-a8cb-d35000f59661</DeckId>
      <Games />
      <Name>QUEST</Name>
    </Deck>
    <Deck>
      <DeckId>d722ec72-0a8f-4972-9e2f-c5401fa7cc83</DeckId>
      <Games />
      <Name />
    </Deck>
    <Deck>
      <DeckId>c4c586a6-801a-4e0b-965b-c6bf55cbc0f1</DeckId>
      <Games />
      <Name>Use no deck</Name>
    </Deck>
    <Deck>
      <DeckId>73570be9-fa92-4747-938c-ee81945e216d</DeckId>
      <Games />
      <Name />
    </Deck>
    <Deck>
      <DeckId>ec0b9f3d-13c7-4070-97f6-034346228bc8</DeckId>
      <Games />
      <Name>FACE</Name>
    </Deck>
    <Deck>
      <DeckId>f8491c45-4aca-4882-bdd8-235cca41dcb9</DeckId>
      <Games />
      <Name>Morphosis</Name>
    </Deck>
    <Deck>
      <DeckId>08247663-d0b2-4eff-ad54-61dbd13b4069</DeckId>
      <Games />
      <Name>Galakrond</Name>
    </Deck>
    <Deck>
      <DeckId>bc9da46f-7bbb-4c30-a093-84f233f15186</DeckId>
      <Games />
      <Name>QUEST PRIEST</Name>
    </Deck>
    <Deck>
      <DeckId>a038c5e0-1c33-4418-bf76-e370341c15d3</DeckId>
      <Games />
      <Name />
    </Deck>
    <Deck>
      <DeckId>109fe4b1-1e53-41e9-bcab-cd41197e373e</DeckId>
      <Games />
      <Name>Custom Paladin</Name>
    </Deck>
    <Deck>
      <DeckId>cd1dd880-f890-4d41-bbdf-8fdf2cae2782</DeckId>
      <Games />
      <Name />
    </Deck>
    <Deck>
      <DeckId>11768d06-1a19-4f35-b47c-ce21d006d54f</DeckId>
      <Games />
      <Name />
    </Deck>
    <Deck>
      <DeckId>3567e8f2-3f64-4d81-b862-fae8043cd933</DeckId>
      <Games />
      <Name />
    </Deck>
    <Deck>
      <DeckId>610b486a-f349-4f7b-b986-637b12ccda49</DeckId>
      <Games />
      <Name>COMBO PRIEST</Name>
    </Deck>
    <Deck>
      <DeckId>18a0b5ab-b585-463a-95c2-27d1def118b9</DeckId>
      <Games />
      <Name />
    </Deck>
    <Deck>
      <DeckId>a7a37e8e-7e88-437b-8cb9-6bae110f1b46</DeckId>
      <Games />
      <Name>Plot Twist</Name>
    </Deck>
    <Deck>
      <DeckId>d4eb9eb2-fccc-4af0-8b71-bdfcd1b6cd5b</DeckId>
      <Games />
      <Name>Spells</Name>
    </Deck>
    <Deck>
      <DeckId>32135b1d-70eb-4f85-b6b6-7f85c03f7600</DeckId>
      <Games />
      <Name>Galakrond Tog</Name>
    </Deck>
    <Deck>
      <DeckId>7ba54dc8-485f-4f50-9214-170a8e7f6f3a</DeckId>
      <Games />
      <Name />
    </Deck>
    <Deck>
      <DeckId>f13827ed-5a72-4817-91b1-4a1737802981</DeckId>
      <Games />
      <Name>Morphosis</Name>
    </Deck>
    <Deck>
      <DeckId>bc9dffcb-7494-468b-8ed1-2c0f16d3cdd5</DeckId>
      <Games />
      <Name />
    </Deck>
    <Deck>
      <DeckId>148deaa8-3ae9-440c-88df-5df0dc7e9352</DeckId>
      <Games />
      <Name />
    </Deck>
    <Deck>
      <DeckId>04b223a6-2858-42f8-9a8f-76ae074f8ad8</DeckId>
      <Games />
      <Name>Face</Name>
    </Deck>
    <Deck>
      <DeckId>80acf9f6-4d46-4bf1-9e74-3ced1235167c</DeckId>
      <Games />
      <Name>QUEST DRUID</Name>
    </Deck>
    <Deck>
      <DeckId>93b73a29-697a-4c8b-b7a0-5c1d21d665ae</DeckId>
      <Games />
      <Name />
    </Deck>
    <Deck>
      <DeckId>bbe3e5e1-5216-43bd-ade9-7d5d439661f0</DeckId>
      <Games />
      <Name>Tempo Myra</Name>
    </Deck>
    <Deck>
      <DeckId>a7e80728-d163-41ef-87ac-f630d8bec7b9</DeckId>
      <Games />
      <Name />
    </Deck>
    <Deck>
      <DeckId>98d9cff4-1625-4a75-be02-f9415ed2e490</DeckId>
      <Games />
      <Name />
    </Deck>
    <Deck>
      <DeckId>1859c917-fedf-4257-b4a1-aa7da7eb2a2d</DeckId>
      <Games />
      <Name>Custom Paladin</Name>
    </Deck>
    <Deck>
      <DeckId>da2e50ef-a77f-4cb6-b6da-0444c234ccdf</DeckId>
      <Games />
      <Name>SHARK TEMPO</Name>
    </Deck>
    <Deck>
      <DeckId>a36977a6-c4dd-4466-8bca-10d44b543c6c</DeckId>
      <Games />
      <Name />
    </Deck>
    <Deck>
      <DeckId>5a8d1e5e-7eae-4200-b1d9-38f427b4864e</DeckId>
      <Games />
      <Name />
    </Deck>
    <Deck>
      <DeckId>cb8a037c-f656-43de-8bd9-0be0dc645fd0</DeckId>
      <Games />
      <Name>CONTROL WARRIOR</Name>
    </Deck>
    <Deck>
      <DeckId>3f5ad43a-7cdc-4520-a7ec-e0a3a0bfb3de</DeckId>
      <Games />
      <Name>PIRATE ROGUE</Name>
    </Deck>
    <Deck>
      <DeckId>1992dcf6-bed8-4cfe-9a82-5031f5a20f1e</DeckId>
      <Games />
      <Name>Quest</Name>
    </Deck>
    <Deck>
      <DeckId>80c99ac9-c262-4cae-94dd-bb8583aefd36</DeckId>
      <Games />
      <Name>Face</Name>
    </Deck>
    <Deck>
      <DeckId>6c70f545-e4fd-4dca-bf9a-1e540999b1fd</DeckId>
      <Games />
      <Name />
    </Deck>
    <Deck>
      <DeckId>a7e9500d-663a-4e37-9767-9a5eff718b7a</DeckId>
      <Games>
        <Game>
          <GameId>86934d77-ba1a-4cb8-9407-c47b676ae079</GameId>
          <PlayerHero>Rogue</PlayerHero>
          <OpponentHero>Mage</OpponentHero>
          <Coin>false</Coin>
          <GameMode>Ranked</GameMode>
          <Result>Win</Result>
          <Turns>17</Turns>
          <StartTime>2020-05-01T11:10:38.2218646+02:00</StartTime>
          <EndTime>2020-05-01T11:27:42.8947712+02:00</EndTime>
          <PlayerName>Mxyzptlk#21477</PlayerName>
          <OpponentName>diogosa#21279</OpponentName>
          <ReplayFile>Mxyzptlk#21477(Rogue) vs diogosa#21279(Mage) 1127-010520.hdtreplay</ReplayFile>
          <WasConceded>true</WasConceded>
          <StarLevel>1</StarLevel>
          <OpponentStarLevel>13</OpponentStarLevel>
          <LeagueId>5</LeagueId>
          <StarMultiplier>10</StarMultiplier>
          <HearthstoneBuild>45932</HearthstoneBuild>
          <PlayerCardbackId>5</PlayerCardbackId>
          <OpponentCardbackId>5</OpponentCardbackId>
          <FriendlyPlayerId>2</FriendlyPlayerId>
          <OpponentPlayerId>1</OpponentPlayerId>
          <ScenarioId>2</ScenarioId>
          <ServerInfo>
            <Address>37.244.49.88</Address>
            <AuroraPassword>cLcFDj</AuroraPassword>
            <ClientHandle>2295208</ClientHandle>
            <GameHandle>286767</GameHandle>
            <Mission>2</Mission>
            <Port>1119</Port>
            <Resumable>true</Resumable>
            <SpectatorMode>false</SpectatorMode>
            <SpectatorPassword>BLCdfl</SpectatorPassword>
            <Version>1540889</Version>
          </ServerInfo>
          <GameType>GT_RANKED</GameType>
          <RankedSeasonId>79</RankedSeasonId>
          <OpponentHeroCardId>HERO_08</OpponentHeroCardId>
          <Region>EU</Region>
          <Format>Standard</Format>
          <DeckId>a7e9500d-663a-4e37-9767-9a5eff718b7a</DeckId>
          <DeckName>Highlander Stealth</DeckName>
          <PlayerDeckVersion>
            <Build>0</Build>
            <Major>1</Major>
            <Minor>0</Minor>
            <Revision>0</Revision>
          </PlayerDeckVersion>
          <HsReplay>
            <UploadId>4JFCMoq672GmAyJtBi8QZR</UploadId>
            <UploadTries>1</UploadTries>
            <Unsupported>false</Unsupported>
            <ReplayUrl>https://hsreplay.net/uploads/upload/4JFCMoq672GmAyJtBi8QZR/</ReplayUrl>
          </HsReplay>
          <HsDeckId>1936164456</HsDeckId>
          <PlayerCards>
            <Card Id="DRG_037" Count="1" />
            <Card Id="DRG_030" Count="1" />
            <Card Id="EX1_124" Count="1" />
            <Card Id="DAL_415" Count="1" />
            <Card Id="DRG_242" Count="1" />
            <Card Id="DRG_050" Count="1" />
            <Card Id="DAL_714" Count="1" />
            <Card Id="DRG_610" Count="1" />
            <Card Id="BT_714" Count="1" />
            <Card Id="DRG_247" Count="1" />
            <Card Id="EX1_581" Count="1" />
            <Card Id="DAL_716" Count="1" />
            <Card Id="ULD_186" Count="1" />
            <Card Id="EX1_144" Count="1" />
            <Card Id="ULD_003" Count="1" />
            <Card Id="DAL_417" Count="1" />
            <Card Id="ULD_208" Count="1" />
            <Card Id="EX1_613" Count="1" />
            <Card Id="DRG_089" Count="1" />
            <Card Id="DRG_076" Count="1" />
            <Card Id="CS2_072" Count="1" />
            <Card Id="DRG_028" Count="1" />
            <Card Id="DRG_099" Count="1" />
            <Card Id="BT_701" Count="1" />
            <Card Id="YOD_016" Count="1" />
            <Card Id="YOD_018" Count="1" />
            <Card Id="YOD_006" Count="1" />
            <Card Id="ULD_275" Count="1" />
            <Card Id="DRG_082" Count="1" Unconfirmed="1" />
            <Card Id="ULD_178" Count="1" Unconfirmed="1" />
          </PlayerCards>
          <OpponentCards>
            <Card Id="DRG_106" Count="1" />
            <Card Id="DAL_577" Count="1" />
            <Card Id="ULD_726" Count="1" />
            <Card Id="BT_028" Count="1" />
            <Card Id="CS2_023" Count="1" />
            <Card Id="CS2_026" Count="1" />
            <Card Id="BT_004" Count="1" />
            <Card Id="ULD_275" Count="1" />
            <Card Id="YOD_006" Count="1" />
            <Card Id="EX1_043" Count="1" />
            <Card Id="DRG_270" Count="1" />
            <Card Id="DRG_321" Count="1" />
            <Card Id="BT_720" Count="1" />
            <Card Id="CS2_028" Count="1" />
            <Card Id="DRG_322" Count="1" />
            <Card Id="ULD_238" Count="1" />
            <Card Id="BT_072" Count="1" />
            <Card Id="DAL_609" Count="1" />
            <Card Id="ULD_216" Count="1" />
            <Card Id="YOD_009" Count="1" />
          </OpponentCards>
        </Game>
      </Games>
      <Name>Highlander Stealth</Name>
    </Deck>
    <Deck>
      <DeckId>42b2d9e2-040e-4c7c-bc78-9c07126ce81a</DeckId>
      <Games />
      <Name>TOGWAGGLE ROGUE</Name>
    </Deck>
    <Deck>
      <DeckId>e1b6f42f-b244-460a-be81-feb4d42389dd</DeckId>
      <Games />
      <Name />
    </Deck>
    <Deck>
      <DeckId>e1ff2a10-e83b-44b6-ab24-45de4c92ea3e</DeckId>
      <Games />
      <Name>ALEX POCKET MAGE</Name>
    </Deck>
    <Deck>
      <DeckId>a593555c-17f7-4354-815d-6b2b08fda8e0</DeckId>
      <Games />
      <Name>TEMPO ROGUE</Name>
    </Deck>
    <Deck>
      <DeckId>b4e036e6-757b-4a01-9e72-4bc2caa1b573</DeckId>
      <Games />
      <Name>QUEST</Name>
    </Deck>
    <Deck>
      <DeckId>6b1f7afc-76e5-4c98-808d-23d84b8a02d1</DeckId>
      <Games />
      <Name />
    </Deck>
    <Deck>
      <DeckId>520159b3-8e82-41e7-bb24-559af7305717</DeckId>
      <Games />
      <Name />
    </Deck>
    <Deck>
      <DeckId>32d0cd67-72d2-430d-99c5-f110f4cf1f38</DeckId>
      <Games />
      <Name />
    </Deck>
    <Deck>
      <DeckId>0d6f8ba9-336a-43fc-ad40-43ffb54bdcb3</DeckId>
      <Games />
      <Name>Galakrond Tog</Name>
    </Deck>
    <Deck>
      <DeckId>1fdf8dae-fb8f-4116-887d-77f4f4dac101</DeckId>
      <Games />
      <Name>CONTROL WARLOCK</Name>
    </Deck>
    <Deck>
      <DeckId>b13837ff-c449-4e6c-93e5-db7bd0351db3</DeckId>
      <Games />
      <Name>DRAGON PALADIN</Name>
    </Deck>
    <Deck>
      <DeckId>4bf474c4-8d41-4066-8959-38e6b3c0a0e8</DeckId>
      <Games />
      <Name />
    </Deck>
    <Deck>
      <DeckId>1f8786f7-58b4-43fd-9608-ce0c508e8d9f</DeckId>
      <Games />
      <Name />
    </Deck>
    <Deck>
      <DeckId>6a298a29-1b4d-4d7c-b5fc-7dadbd55652e</DeckId>
      <Games />
      <Name>TEMPO ROGUE</Name>
    </Deck>
    <Deck>
      <DeckId>e9eb2c96-f7ce-488d-802f-678312029efa</DeckId>
      <Games />
      <Name>QUEST DRUID</Name>
    </Deck>
    <Deck>
      <DeckId>a9ae3eac-06d1-4cd5-82dd-674d6f6423f2</DeckId>
      <Games />
      <Name>MECH HUNTER</Name>
    </Deck>
    <Deck>
      <DeckId>c7d7b938-afbb-4ee0-9ada-2ea61e1fe41f</DeckId>
      <Games />
      <Name />
    </Deck>
    <Deck>
      <DeckId>4ab9951d-8c3f-42c5-b6e0-5f65bffe119a</DeckId>
      <Games />
      <Name />
    </Deck>
    <Deck>
      <DeckId>65ff5c55-6ded-4b2f-a496-99b8d1f9433d</DeckId>
      <Games />
      <Name>FACE</Name>
    </Deck>
    <Deck>
      <DeckId>efb771f4-cd0c-46ea-b6c8-89de19be1dbf</DeckId>
      <Games />
      <Name />
    </Deck>
    <Deck>
      <DeckId>ab74ac23-d84b-45ad-b3db-2eee82b19a3c</DeckId>
      <Games />
      <Name>TEMPO QUESTING</Name>
    </Deck>
    <Deck>
      <DeckId>a923da3b-9704-4fab-aef3-4b26f9daad46</DeckId>
      <Games />
      <Name>Secret Galakrond</Name>
    </Deck>
    <Deck>
      <DeckId>ab6ee22f-b495-4be9-b6cd-500e4f49d3f5</DeckId>
      <Games />
      <Name>Custom Warrior</Name>
    </Deck>
    <Deck>
      <DeckId>c797ffce-d290-4506-b019-36e83f7f65a7</DeckId>
      <Games />
      <Name>QUEST DRUID</Name>
    </Deck>
    <Deck>
      <DeckId>2a2b882f-4a34-49ad-b1e9-bf309f7ea7ac</DeckId>
      <Games />
      <Name />
    </Deck>
    <Deck>
      <DeckId>8f72792a-c7ea-4cba-a7cc-eaa87f1c3a10</DeckId>
      <Games />
      <Name />
    </Deck>
    <Deck>
      <DeckId>6418c5a9-577e-42a0-90c8-68bcb752abfe</DeckId>
      <Games />
      <Name />
    </Deck>
    <Deck>
      <DeckId>0d990335-103e-41b8-b481-da249497d84f</DeckId>
      <Games />
      <Name>QUEST PRIEST</Name>
    </Deck>
    <Deck>
      <DeckId>9019e162-a81f-4b78-abb5-4351a2dfe6f5</DeckId>
      <Games />
      <Name />
    </Deck>
    <Deck>
      <DeckId>1050a7e7-6ce1-4f50-bba1-d6e80a40376b</DeckId>
      <Games />
      <Name>TOGWAGGLE ROGUE</Name>
    </Deck>
    <Deck>
      <DeckId>c470852d-bd60-4dcd-a113-8fde3025a7af</DeckId>
      <Games />
      <Name>COMBO</Name>
    </Deck>
    <Deck>
      <DeckId>11c00eec-f861-476e-9ce8-a5359824f132</DeckId>
      <Games />
      <Name>QUEST MALY DRUID</Name>
    </Deck>
    <Deck>
      <DeckId>373e4b77-0ac0-464e-a089-67e1604d6c23</DeckId>
      <Games />
      <Name>Galakrond Warrior</Name>
    </Deck>
    <Deck>
      <DeckId>e08dcf4f-58bf-41cc-98b9-92d8eefbb2f4</DeckId>
      <Games />
      <Name />
    </Deck>
    <Deck>
      <DeckId>d02fe0d4-8d25-499d-a90b-f95c869d1232</DeckId>
      <Games />
      <Name />
    </Deck>
    <Deck>
      <DeckId>e687d0b8-ffd4-4fb7-a4ee-38017d98c133</DeckId>
      <Games />
      <Name>TOGWAGGLE DRUID</Name>
    </Deck>
    <Deck>
      <DeckId>89915b9e-8358-41b3-bd4e-7b5ee99b5ffd</DeckId>
      <Games />
      <Name>zephrys</Name>
    </Deck>
    <Deck>
      <DeckId>cf7d89af-5eaf-44c6-9ba5-e0b10634c9ee</DeckId>
      <Games />
      <Name>HIGHLANDER</Name>
    </Deck>
    <Deck>
      <DeckId>3f2c34d3-03a7-40bf-a419-9c204ffec6b3</DeckId>
      <Games />
      <Name />
    </Deck>
    <Deck>
      <DeckId>17ffdaad-a987-4010-9450-fceabad052a0</DeckId>
      <Games />
      <Name>Quest</Name>
    </Deck>
    <Deck>
      <DeckId>4fb66c04-ee00-454f-896f-16bc3093d512</DeckId>
      <Games />
      <Name />
    </Deck>
    <Deck>
      <DeckId>6392cfbe-90bc-4bc0-b201-f5cf63f0d50e</DeckId>
      <Games />
      <Name>TOGWAGGLE ROGUE</Name>
    </Deck>
    <Deck>
      <DeckId>78cce771-f73a-4bb0-83d1-4ef15f58731b</DeckId>
      <Games />
      <Name />
    </Deck>
    <Deck>
      <DeckId>c287d4fa-085c-4419-bb90-7666fbf5c73a</DeckId>
      <Games />
      <Name>Warmaul</Name>
    </Deck>
    <Deck>
      <DeckId>14df5567-833e-486d-8dea-1b3e21195dd3</DeckId>
      <Games />
      <Name>No match - Keep using active deck</Name>
    </Deck>
    <Deck>
      <DeckId>92a4fe01-01f3-47eb-8637-a3ba71b0a485</DeckId>
      <Games />
      <Name>Spells</Name>
    </Deck>
    <Deck>
      <DeckId>97396aa9-ac07-487a-be38-a97049af6265</DeckId>
      <Games />
      <Name>TOGWAGGLE ROGUE</Name>
    </Deck>
    <Deck>
      <DeckId>271026c1-8a12-4c52-aef4-5a52d3496f26</DeckId>
      <Games />
      <Name />
    </Deck>
    <Deck>
      <DeckId>76045542-c9c8-468e-a6d3-e691602f216e</DeckId>
      <Games />
      <Name>Custom Druid</Name>
    </Deck>
    <Deck>
      <DeckId>c3d6d349-c6f3-4773-a78c-90ea3485a183</DeckId>
      <Games />
      <Name>CONTROL WARRIOR</Name>
    </Deck>
    <Deck>
      <DeckId>bee3ce8c-35d1-4bc1-bf3d-2a7ab54a0ea5</DeckId>
      <Games />
      <Name>QUEST PRIEST</Name>
    </Deck>
    <Deck>
      <DeckId>68b9149d-3559-4aa6-82c2-f525631cb050</DeckId>
      <Games />
      <Name />
    </Deck>
    <Deck>
      <DeckId>eaa7f8f0-279e-4f6f-af73-4acd4807e226</DeckId>
      <Games />
      <Name>Spells</Name>
    </Deck>
    <Deck>
      <DeckId>b668378d-47a0-417e-a854-822833ee98da</DeckId>
      <Games />
      <Name>SECRET HUNTER</Name>
    </Deck>
    <Deck>
      <DeckId>be816c26-b111-41d3-813b-0a5ae91bb345</DeckId>
      <Games />
      <Name>Custom Shaman</Name>
    </Deck>
    <Deck>
      <DeckId>449a20f5-c586-4208-b9ae-b40e1c782b03</DeckId>
      <Games />
      <Name />
    </Deck>
    <Deck>
      <DeckId>05721384-7226-48e1-843c-84a4893b71e5</DeckId>
      <Games />
      <Name>Highlander</Name>
    </Deck>
    <Deck>
      <DeckId>ee16cd78-3f5a-4fde-a1ea-4fbf8dfd33d8</DeckId>
      <Games />
      <Name>HIGHLANDER HUNTER</Name>
    </Deck>
    <Deck>
      <DeckId>cda7817b-c599-4d88-9a49-bed0b468b106</DeckId>
      <Games />
      <Name>DEATHRATTLE ROGUE</Name>
    </Deck>
    <Deck>
      <DeckId>5ae1cd40-ebe8-4525-9fdb-5824e06ed959</DeckId>
      <Games />
      <Name>CYCLONE MAGE</Name>
    </Deck>
    <Deck>
      <DeckId>4670bee9-18ac-458c-b788-0635709294fc</DeckId>
      <Games />
      <Name>TOGWAGGLE ROGUE</Name>
    </Deck>
    <Deck>
      <DeckId>0eb8ffbb-8159-4bfa-b3ee-5737eebbd17c</DeckId>
      <Games>
        <Game>
          <GameId>6bc2866f-6116-4bcc-bec2-3c1aa9f520d1</GameId>
          <PlayerHero>DemonHunter</PlayerHero>
          <OpponentHero>Shaman</OpponentHero>
          <Coin>true</Coin>
          <GameMode>Brawl</GameMode>
          <Result>Win</Result>
          <Turns>12</Turns>
          <StartTime>2020-04-29T22:28:02.667279+02:00</StartTime>
          <EndTime>2020-04-29T22:39:34.6081245+02:00</EndTime>
          <PlayerName>Mxyzptlk#21477</PlayerName>
          <OpponentName>CrazyMage#28867</OpponentName>
          <WasConceded>false</WasConceded>
          <HearthstoneBuild>45932</HearthstoneBuild>
          <PlayerCardbackId>5</PlayerCardbackId>
          <OpponentCardbackId>157</OpponentCardbackId>
          <FriendlyPlayerId>1</FriendlyPlayerId>
          <OpponentPlayerId>2</OpponentPlayerId>
          <ScenarioId>3681</ScenarioId>
          <ServerInfo>
            <Address>37.244.49.204</Address>
            <AuroraPassword>okOmGG</AuroraPassword>
            <ClientHandle>2295208</ClientHandle>
            <GameHandle>235636</GameHandle>
            <Mission>3681</Mission>
            <Port>1119</Port>
            <Resumable>true</Resumable>
            <SpectatorMode>false</SpectatorMode>
            <SpectatorPassword>CIaBKh</SpectatorPassword>
            <Version>1540889</Version>
          </ServerInfo>
          <GameType>GT_TAVERNBRAWL</GameType>
          <BrawlSeasonId>403</BrawlSeasonId>
          <RankedSeasonId>78</RankedSeasonId>
          <OpponentHeroCardId>HERO_02</OpponentHeroCardId>
          <Region>EU</Region>
          <DeckId>0eb8ffbb-8159-4bfa-b3ee-5737eebbd17c</DeckId>
          <DeckName>Brawl 29-04 22:23</DeckName>
          <PlayerDeckVersion>
            <Build>0</Build>
            <Major>1</Major>
            <Minor>0</Minor>
            <Revision>0</Revision>
          </PlayerDeckVersion>
          <HsReplay>
            <UploadId>W6zM6yN8jXcUCVGEc2kTvN</UploadId>
            <UploadTries>1</UploadTries>
            <Unsupported>false</Unsupported>
            <ReplayUrl>https://hsreplay.net/uploads/upload/W6zM6yN8jXcUCVGEc2kTvN/</ReplayUrl>
          </HsReplay>
          <HsDeckId>1938297380</HsDeckId>
          <PlayerCards>
            <Card Id="DRG_065" Count="2" />
            <Card Id="YOD_006" Count="2" Unconfirmed="1" />
            <Card Id="DRG_239" Count="2" Unconfirmed="1" />
            <Card Id="DRG_070" Count="2" Unconfirmed="1" />
            <Card Id="DRG_073" Count="2" />
            <Card Id="DRG_057" Count="2" Unconfirmed="1" />
            <Card Id="DRG_067" Count="2" />
            <Card Id="DRG_054" Count="2" />
            <Card Id="DRG_213" Count="2" />
            <Card Id="DRG_066" Count="2" Unconfirmed="1" />
            <Card Id="DRG_061" Count="2" Unconfirmed="1" />
            <Card Id="DRG_310" Count="2" Unconfirmed="1" />
            <Card Id="DRG_079" Count="2" Unconfirmed="1" />
            <Card Id="DRG_060" Count="2" Unconfirmed="2" />
            <Card Id="YOD_029" Count="2" Unconfirmed="2" />
          </PlayerCards>
          <OpponentCards>
            <Card Id="DRG_215" Count="1" />
            <Card Id="DRG_216" Count="1" />
            <Card Id="FP1_001" Count="1" />
            <Card Id="FP1_002" Count="1" />
            <Card Id="LOE_029" Count="1" />
            <Card Id="BRM_011" Count="1" />
            <Card Id="FP1_025" Count="2" />
            <Card Id="LOE_110" Count="2" />
            <Card Id="LOE_047" Count="1" />
            <Card Id="FP1_016" Count="1" />
            <Card Id="FP1_012" Count="1" />
            <Card Id="FP1_008" Count="2" />
            <Card Id="DRG_224" Count="1" />
          </OpponentCards>
        </Game>
      </Games>
      <Name>Brawl 29-04 22:23</Name>
    </Deck>
    <Deck>
      <DeckId>74b2101d-d3e2-4950-9aa3-8d86c9eff3f5</DeckId>
      <Games />
      <Name>No match - Keep using active deck</Name>
    </Deck>
    <Deck>
      <DeckId>c7d9a790-4114-41af-a9c5-4905e1ef831a</DeckId>
      <Games />
      <Name>PIRATE ROGUE</Name>
    </Deck>
    <Deck>
      <DeckId>f61f7096-9db3-4b88-972f-fcd8f37c2ea4</DeckId>
      <Games />
      <Name>MIDRANGE HUNTER</Name>
    </Deck>
    <Deck>
      <DeckId>32b0fdc6-ca48-4e04-b92d-6b64b0140915</DeckId>
      <Games />
      <Name>MURLOC SHAMAN</Name>
    </Deck>
    <Deck>
      <DeckId>e50b8d8b-ec93-4256-9b14-92fc0817da55</DeckId>
      <Games />
      <Name />
    </Deck>
    <Deck>
      <DeckId>c66bf217-add5-4fe9-9352-43bd3d258634</DeckId>
      <Games />
      <Name>HIGHLANDER HUNTER</Name>
    </Deck>
    <Deck>
      <DeckId>9b2f31bf-8b82-4acf-b77d-fb9509bfbbc6</DeckId>
      <Games />
      <Name>BEAST</Name>
    </Deck>
    <Deck>
      <DeckId>df29edac-54da-40e7-92ee-edbc1a0797ed</DeckId>
      <Games />
      <Name>POGO ROGUE</Name>
    </Deck>
    <Deck>
      <DeckId>86b73d14-1127-436d-9537-2160f284bd30</DeckId>
      <Games />
      <Name>COMBO PRIEST</Name>
    </Deck>
    <Deck>
      <DeckId>c10b1cb2-b768-4552-bb12-cc7da00f7705</DeckId>
      <Games />
      <Name>Face Hunter</Name>
    </Deck>
    <Deck>
      <DeckId>e7397470-5bcb-42f9-9cfc-7e2110de97f9</DeckId>
      <Games />
      <Name>ZOO WARLOCK</Name>
    </Deck>
    <Deck>
      <DeckId>a50c75c8-94c6-4132-a645-6a78a9af5d2c</DeckId>
      <Games />
      <Name>QUEST</Name>
    </Deck>
    <Deck>
      <DeckId>4dee5696-7a25-46cf-9d89-9e1ec2fe40a0</DeckId>
      <Games />
      <Name>HANDLOCK</Name>
    </Deck>
    <Deck>
      <DeckId>eed258ef-c6f5-4017-bf63-1f29da3e7fbb</DeckId>
      <Games />
      <Name>Custom Hunter</Name>
    </Deck>
    <Deck>
      <DeckId>e23c2c2b-62d0-4ddc-83a0-8b6b74874537</DeckId>
      <Games />
      <Name>SHARK TOGWAGGLE ROGUE</Name>
    </Deck>
    <Deck>
      <DeckId>3de913dc-62ae-4a31-bc4a-011077fcd2e4</DeckId>
      <Games />
      <Name>Tempo Myra</Name>
    </Deck>
    <Deck>
      <DeckId>fdf876f8-c840-40fe-93fa-d29d98e8c3b7</DeckId>
      <Games />
      <Name>HIGHLANDER HUNTER</Name>
    </Deck>
    <Deck>
      <DeckId>c2193ad0-a86e-4495-8ae7-e8a0cff20321</DeckId>
      <Games />
      <Name>MIDRANGE HUNTER</Name>
    </Deck>
    <Deck>
      <DeckId>f4713b9d-adf4-4c63-8210-c28221f808ae</DeckId>
      <Games />
      <Name>UBER CONTROL</Name>
    </Deck>
    <Deck>
      <DeckId>419d57d4-f980-40b8-aa48-ce8cbd3cc866</DeckId>
      <Games />
      <Name />
    </Deck>
    <Deck>
      <DeckId>e93fd8f4-e12f-41f5-b339-493d8f5a7745</DeckId>
      <Games />
      <Name>TOGWAGGLE ROGUE</Name>
    </Deck>
    <Deck>
      <DeckId>8d29df18-cf83-4ef7-8d3d-60300cd29bd4</DeckId>
      <Games />
      <Name>CONTROL WARRIOR</Name>
    </Deck>
    <Deck>
      <DeckId>9ef37e5d-7489-4d4b-956e-6a964d8fcd2d</DeckId>
      <Games />
      <Name />
    </Deck>
    <Deck>
      <DeckId>2f686f32-897e-4456-ac14-260f2c246a4e</DeckId>
      <Games />
      <Name>Zoo</Name>
    </Deck>
    <Deck>
      <DeckId>395b784f-4724-4f15-bb40-b5b08bbfd424</DeckId>
      <Games />
      <Name>DEATHRATTLE ROGUE</Name>
    </Deck>
    <Deck>
      <DeckId>0feed799-1920-4163-b2c5-e9bc1aa8e1b7</DeckId>
      <Games />
      <Name />
    </Deck>
    <Deck>
      <DeckId>b000b7d5-f1c0-4c87-a858-a3f9d738b426</DeckId>
      <Games />
      <Name>Underbelly</Name>
    </Deck>
    <Deck>
      <DeckId>821ede01-f39d-4f94-b4e3-fe284b3dc235</DeckId>
      <Games />
      <Name>MACHINE GUN MAGE</Name>
    </Deck>
    <Deck>
      <DeckId>dc73c30c-737d-4646-8d9e-ec9b96feadb7</DeckId>
      <Games />
      <Name>Custom Warrior</Name>
    </Deck>
    <Deck>
      <DeckId>4b8f5453-7c2d-4458-ad44-ed38dcc5a7f3</DeckId>
      <Games />
      <Name>Morphosis</Name>
    </Deck>
    <Deck>
      <DeckId>ef96449e-278a-4641-842b-69b4aa9fca89</DeckId>
      <Games />
      <Name>Dragon</Name>
    </Deck>
    <Deck>
      <DeckId>78ef6dd7-2cf1-4871-8b7f-c833290a4b17</DeckId>
      <Games />
      <Name />
    </Deck>
    <Deck>
      <DeckId>6fe7788b-5e40-4b1d-b82f-d7569f97a551</DeckId>
      <Games />
      <Name />
    </Deck>
    <Deck>
      <DeckId>2577470b-01b8-42bf-8588-2163f2d122d9</DeckId>
      <Games />
      <Name>Teron</Name>
    </Deck>
    <Deck>
      <DeckId>0153dbe5-ce1f-4730-824d-2aed1c67c0a8</DeckId>
      <Games />
      <Name />
    </Deck>
    <Deck>
      <DeckId>ee499855-1ef3-4285-a814-3b0e0dd0b062</DeckId>
      <Games />
      <Name>TEMPO ROGUE</Name>
    </Deck>
    <Deck>
      <DeckId>05540089-f94b-4423-adf5-ed26693e536b</DeckId>
      <Games />
      <Name>CYCLONE MAGE</Name>
    </Deck>
    <Deck>
      <DeckId>b689fe6b-6b0d-4d75-92f8-6add54298586</DeckId>
      <Games />
      <Name>TOGWAGGLE ROGUE</Name>
    </Deck>
    <Deck>
      <DeckId>07a6cab0-78ae-4c0d-b5c8-c5bb1b05528c</DeckId>
      <Games />
      <Name>CONTROL WARRIOR</Name>
    </Deck>
    <Deck>
      <DeckId>a2dd037c-9314-4d85-9ded-fae4e5117d2a</DeckId>
      <Games />
      <Name />
    </Deck>
    <Deck>
      <DeckId>d7a9a398-221a-4fa1-94ea-57407b58c1d8</DeckId>
      <Games />
      <Name>BEAST</Name>
    </Deck>
    <Deck>
      <DeckId>bea956e2-4393-4225-ac60-baa341faff87</DeckId>
      <Games />
      <Name>BEAST HUNTER</Name>
    </Deck>
    <Deck>
      <DeckId>26415aff-8f47-4b82-88b8-991d3c328501</DeckId>
      <Games />
      <Name />
    </Deck>
    <Deck>
      <DeckId>a805492f-b493-436e-a43f-ad6223da21da</DeckId>
      <Games />
      <Name>TOGWAGGLE ROGUE</Name>
    </Deck>
    <Deck>
      <DeckId>3f52a70d-c59a-4b6d-90fc-6b71680e7297</DeckId>
      <Games />
      <Name>Custom Demon Hunter2</Name>
    </Deck>
    <Deck>
      <DeckId>8990f902-e5a0-4285-ac75-7af1b69adbcc</DeckId>
      <Games />
      <Name>SHARK TEMPO</Name>
    </Deck>
    <Deck>
      <DeckId>19ae9301-f8ad-4b38-ad25-dedb901992ed</DeckId>
      <Games />
      <Name>Highlander</Name>
    </Deck>
    <Deck>
      <DeckId>391c1d16-e188-4d0e-a350-3c62b6ab6960</DeckId>
      <Games />
      <Name>Use no deck</Name>
    </Deck>
    <Deck>
      <DeckId>898ee200-77af-4302-8adf-16c10f56e7e4</DeckId>
      <Games />
      <Name />
    </Deck>
    <Deck>
      <DeckId>3cefa9ec-e397-4489-9dc1-3182d5496a49</DeckId>
      <Games />
      <Name>TOGWAGGLE ROGUE</Name>
    </Deck>
    <Deck>
      <DeckId>8d579865-784a-4c5e-91ce-1d00fec509dc</DeckId>
      <Games />
      <Name />
    </Deck>
    <Deck>
      <DeckId>4b1a318f-5fd4-470d-9f9e-8d288072101b</DeckId>
      <Games />
      <Name />
    </Deck>
    <Deck>
      <DeckId>97094499-21f0-4d75-be04-b909cf847471</DeckId>
      <Games />
      <Name>TEMPO ROGUE</Name>
    </Deck>
    <Deck>
      <DeckId>1c89681d-5119-4744-bd24-61c5d73e47f2</DeckId>
      <Games />
      <Name />
    </Deck>
    <Deck>
      <DeckId>c5efc8ce-57f1-4677-b1dc-80cb85fff595</DeckId>
      <Games />
      <Name>HIGHLANDER HUNTER</Name>
    </Deck>
    <Deck>
      <DeckId>84c6cf88-975f-4936-a922-b8abdc8410fb</DeckId>
      <Games />
      <Name />
    </Deck>
    <Deck>
      <DeckId>7d842752-f11d-40d6-b1c1-6c6b2d1a16bd</DeckId>
      <Games />
      <Name>QUEST</Name>
    </Deck>
    <Deck>
      <DeckId>0a52fd2a-9738-49fc-b1d8-4df1b5f8fe19</DeckId>
      <Games />
      <Name>CYCLONE MAGE</Name>
    </Deck>
    <Deck>
      <DeckId>6226d38e-2341-409f-8632-dfcf475c90fc</DeckId>
      <Games />
      <Name>SHARK TOGWAGGLE ROGUE</Name>
    </Deck>
    <Deck>
      <DeckId>e4c41efd-aff7-4562-beee-f9eaef6d4a53</DeckId>
      <Games />
      <Name>CONJURE SEA GIANT MAGE</Name>
    </Deck>
    <Deck>
      <DeckId>4fa9fb15-6d57-4729-b60d-aba62c32dd52</DeckId>
      <Games />
      <Name>BEAST HUNTER</Name>
    </Deck>
    <Deck>
      <DeckId>d2beedd7-3702-4b9a-bcaf-604cab576643</DeckId>
      <Games>
        <Game>
          <GameId>fa59bd44-fc38-4261-b645-d3cc8b7e93c5</GameId>
          <PlayerHero>Rogue</PlayerHero>
          <OpponentHero>DemonHunter</OpponentHero>
          <Coin>false</Coin>
          <GameMode>Ranked</GameMode>
          <Result>Loss</Result>
          <Turns>11</Turns>
          <StartTime>2020-05-01T10:59:39.81245+02:00</StartTime>
          <EndTime>2020-05-01T11:10:05.8402817+02:00</EndTime>
          <PlayerName>Mxyzptlk#21477</PlayerName>
          <OpponentName>TheFail#21207</OpponentName>
          <ReplayFile>Mxyzptlk#21477(Rogue) vs TheFail#21207(DemonHunter) 1110-010520.hdtreplay</ReplayFile>
          <WasConceded>false</WasConceded>
          <StarLevel>1</StarLevel>
          <OpponentStarLevel>18</OpponentStarLevel>
          <LeagueId>5</LeagueId>
          <StarMultiplier>10</StarMultiplier>
          <HearthstoneBuild>45932</HearthstoneBuild>
          <PlayerCardbackId>5</PlayerCardbackId>
          <OpponentCardbackId>197</OpponentCardbackId>
          <FriendlyPlayerId>1</FriendlyPlayerId>
          <OpponentPlayerId>2</OpponentPlayerId>
          <ScenarioId>2</ScenarioId>
          <ServerInfo>
            <Address>37.244.49.108</Address>
            <AuroraPassword>dMmJlL</AuroraPassword>
            <ClientHandle>2295208</ClientHandle>
            <GameHandle>288193</GameHandle>
            <Mission>2</Mission>
            <Port>1119</Port>
            <Resumable>true</Resumable>
            <SpectatorMode>false</SpectatorMode>
            <SpectatorPassword>ElhMEp</SpectatorPassword>
            <Version>1540889</Version>
          </ServerInfo>
          <GameType>GT_RANKED</GameType>
          <RankedSeasonId>79</RankedSeasonId>
          <OpponentHeroCardId>HERO_10</OpponentHeroCardId>
          <Region>EU</Region>
          <Format>Standard</Format>
          <DeckId>d2beedd7-3702-4b9a-bcaf-604cab576643</DeckId>
          <DeckName>Secrets</DeckName>
          <PlayerDeckVersion>
            <Build>0</Build>
            <Major>1</Major>
            <Minor>0</Minor>
            <Revision>0</Revision>
          </PlayerDeckVersion>
          <HsReplay>
            <UploadId>4pEVAyRoaiMygZfVVDwyoh</UploadId>
            <UploadTries>1</UploadTries>
            <Unsupported>false</Unsupported>
            <ReplayUrl>https://hsreplay.net/uploads/upload/4pEVAyRoaiMygZfVVDwyoh/</ReplayUrl>
          </HsReplay>
          <HsDeckId>1939475902</HsDeckId>
          <PlayerCards>
            <Card Id="DRG_610" Count="1" />
            <Card Id="DRG_247" Count="2" />
            <Card Id="BT_707" Count="1" />
            <Card Id="CS2_072" Count="2" />
            <Card Id="ULD_186" Count="2" />
            <Card Id="BT_711" Count="2" Unconfirmed="1" />
            <Card Id="DRG_037" Count="1" />
            <Card Id="DRG_076" Count="2" />
            <Card Id="BT_042" Count="2" Unconfirmed="1" />
            <Card Id="DRG_030" Count="2" Unconfirmed="1" />
            <Card Id="BT_188" Count="1" />
            <Card Id="BT_709" Count="2" Unconfirmed="2" />
            <Card Id="EX1_124" Count="1" Unconfirmed="1" />
            <Card Id="EX1_613" Count="1" Unconfirmed="1" />
            <Card Id="DAL_415" Count="2" Unconfirmed="2" />
            <Card Id="DRG_050" Count="2" Unconfirmed="2" />
            <Card Id="DRG_242" Count="2" Unconfirmed="2" />
            <Card Id="DAL_417" Count="1" Unconfirmed="1" />
            <Card Id="DRG_099" Count="1" Unconfirmed="1" />
          </PlayerCards>
          <OpponentCards>
            <Card Id="BT_175" Count="2" />
            <Card Id="BT_351" Count="2" />
            <Card Id="DRG_239" Count="2" />
            <Card Id="BT_480" Count="2" />
            <Card Id="BT_035" Count="2" />
            <Card Id="BT_491" Count="1" />
            <Card Id="BT_922" Count="1" />
            <Card Id="BT_801" Count="2" />
            <Card Id="BT_352" Count="2" />
            <Card Id="BT_937" Count="1" />
            <Card Id="YOD_032" Count="1" />
            <Card Id="BT_187" Count="1" />
            <Card Id="BT_429" Count="1" />
            <Card Id="BT_430" Count="2" />
            <Card Id="BT_601" Count="1" />
          </OpponentCards>
        </Game>
      </Games>
      <Name>Secrets</Name>
    </Deck>
    <Deck>
      <DeckId>178afb0a-6586-4b87-91fd-b46b88a6480d</DeckId>
      <Games />
      <Name>BEAST HUNTER</Name>
    </Deck>
    <Deck>
      <DeckId>fa901f11-325f-4b45-ad8f-ce78298352ed</DeckId>
      <Games />
      <Name>MALYGOS</Name>
    </Deck>
    <Deck>
      <DeckId>0c570fb4-bdea-49c6-ac1a-fa68c3c266fb</DeckId>
      <Games />
      <Name>Casino</Name>
    </Deck>
    <Deck>
      <DeckId>de45605a-59b3-4d4d-bfed-66dbd516b00a</DeckId>
      <Games />
      <Name />
    </Deck>
    <Deck>
      <DeckId>7fb17afe-515e-4fcb-a88f-dbc5683c2db4</DeckId>
      <Games />
      <Name>CONTROL WARLOCK</Name>
    </Deck>
    <Deck>
      <DeckId>1f36973a-27a3-475f-a9ca-aa9b43da6741</DeckId>
      <Games />
      <Name>CYCLONE MAGE</Name>
    </Deck>
    <Deck>
      <DeckId>2ad9f4ed-3c70-46ed-b1c1-3f696d6d1c27</DeckId>
      <Games />
      <Name>MURLOC SHAMAN</Name>
    </Deck>
    <Deck>
      <DeckId>84c90c70-1ea7-4342-b3cf-989a89c28e3f</DeckId>
      <Games />
      <Name>DEATHRATTLE ROGUE</Name>
    </Deck>
    <Deck>
      <DeckId>a35abd62-1fc7-4c06-bb08-91692d8d1c14</DeckId>
      <Games />
      <Name>Face</Name>
    </Deck>
    <Deck>
      <DeckId>9d41c7fd-8527-4bfd-ae8f-91a8507a56ce</DeckId>
      <Games />
      <Name>Morphosis</Name>
    </Deck>
    <Deck>
      <DeckId>34d1aaf4-d0ac-4fe5-9e75-8e9ec8b2796f</DeckId>
      <Games />
      <Name />
    </Deck>
    <Deck>
      <DeckId>518cdb0a-0f8f-4a85-9722-fe59278ceac4</DeckId>
      <Games>
        <Game>
          <GameId>333f52d2-219a-4f45-966f-5d22b53cd938</GameId>
          <PlayerHero>Rogue</PlayerHero>
          <OpponentHero>Shaman</OpponentHero>
          <Coin>false</Coin>
          <GameMode>Ranked</GameMode>
          <Result>Loss</Result>
          <Turns>9</Turns>
          <StartTime>2019-10-29T16:09:26.8517982+01:00</StartTime>
          <EndTime>2019-10-29T16:18:04.415787+01:00</EndTime>
          <PlayerName>Mxyzptlk#21477</PlayerName>
          <OpponentName>Karvaloch#2509</OpponentName>
          <ReplayFile>Mxyzptlk#21477(Rogue) vs Karvaloch#2509(Shaman) 1618-291019.hdtreplay</ReplayFile>
          <WasConceded>false</WasConceded>
          <Rank>4</Rank>
          <Stars>2</Stars>
          <OpponentRank>4</OpponentRank>
          <HearthstoneBuild>35057</HearthstoneBuild>
          <PlayerCardbackId>145</PlayerCardbackId>
          <OpponentCardbackId>5</OpponentCardbackId>
          <FriendlyPlayerId>2</FriendlyPlayerId>
          <ScenarioId>2</ScenarioId>
          <ServerInfo>
            <Address>37.244.49.24</Address>
            <AuroraPassword>HLDJem</AuroraPassword>
            <ClientHandle>2295208</ClientHandle>
            <GameHandle>20513109</GameHandle>
            <Mission>2</Mission>
            <Port>3724</Port>
            <Resumable>true</Resumable>
            <SpectatorMode>false</SpectatorMode>
            <SpectatorPassword>KacAPo</SpectatorPassword>
            <Version>1299640</Version>
          </ServerInfo>
          <GameType>GT_RANKED</GameType>
          <RankedSeasonId>72</RankedSeasonId>
          <OpponentHeroCardId>HERO_02</OpponentHeroCardId>
          <Region>EU</Region>
          <Format>Standard</Format>
          <DeckId>518cdb0a-0f8f-4a85-9722-fe59278ceac4</DeckId>
          <DeckName>SHARK TEMPO</DeckName>
          <PlayerDeckVersion>
            <Build>0</Build>
            <Major>1</Major>
            <Minor>0</Minor>
            <Revision>0</Revision>
          </PlayerDeckVersion>
          <HsReplay>
            <UploadId>YimLuJSiiwVafDTZdVJaZ6</UploadId>
            <UploadTries>1</UploadTries>
            <Unsupported>false</Unsupported>
            <ReplayUrl>https://hsreplay.net/uploads/upload/YimLuJSiiwVafDTZdVJaZ6/</ReplayUrl>
          </HsReplay>
          <HsDeckId>1862887126</HsDeckId>
          <PlayerCards>
            <Card Id="DAL_714" Count="2" />
            <Card Id="EX1_581" Count="2" />
            <Card Id="ULD_186" Count="2" Unconfirmed="1" />
            <Card Id="EX1_144" Count="2" Unconfirmed="1" />
            <Card Id="GIL_827" Count="2" Unconfirmed="1" />
            <Card Id="TRL_092" Count="2" Unconfirmed="1" />
            <Card Id="WE1_029" Count="2" Unconfirmed="1" />
            <Card Id="DAL_716" Count="2" Unconfirmed="1" />
            <Card Id="CS2_072" Count="2" Unconfirmed="1" />
            <Card Id="GIL_622" Count="1" />
            <Card Id="DAL_417" Count="1" />
            <Card Id="DAL_400" Count="2" Unconfirmed="2" />
            <Card Id="EX1_613" Count="1" Unconfirmed="1" />
            <Card Id="DAL_415" Count="2" Unconfirmed="2" />
            <Card Id="DAL_416" Count="2" Unconfirmed="2" />
            <Card Id="DAL_720" Count="2" Unconfirmed="2" />
            <Card Id="EX1_116" Count="1" Unconfirmed="1" />
          </PlayerCards>
          <OpponentCards>
            <Card Id="DAL_071" Count="2" />
            <Card Id="ULD_291" Count="1" />
            <Card Id="WE1_014" Count="2" />
            <Card Id="DAL_433" Count="1" />
            <Card Id="EX1_015" Count="2" />
            <Card Id="ULD_157" Count="1" />
            <Card Id="ULD_158" Count="1" />
            <Card Id="GIL_622" Count="1" />
          </OpponentCards>
        </Game>
        <Game>
          <GameId>829ae4a4-3269-493e-8c3d-0eedb19d1a22</GameId>
          <PlayerHero>Rogue</PlayerHero>
          <OpponentHero>Priest</OpponentHero>
          <Coin>false</Coin>
          <GameMode>Ranked</GameMode>
          <Result>Win</Result>
          <Turns>11</Turns>
          <StartTime>2019-10-29T16:18:21.9497867+01:00</StartTime>
          <EndTime>2019-10-29T16:28:22.8904898+01:00</EndTime>
          <PlayerName>Mxyzptlk#21477</PlayerName>
          <OpponentName>Antonio#2311</OpponentName>
          <ReplayFile>Mxyzptlk#21477(Rogue) vs Antonio#2311(Priest) 1628-291019.hdtreplay</ReplayFile>
          <WasConceded>true</WasConceded>
          <Rank>4</Rank>
          <Stars>1</Stars>
          <OpponentRank>4</OpponentRank>
          <HearthstoneBuild>35057</HearthstoneBuild>
          <PlayerCardbackId>145</PlayerCardbackId>
          <OpponentCardbackId>178</OpponentCardbackId>
          <FriendlyPlayerId>1</FriendlyPlayerId>
          <ScenarioId>2</ScenarioId>
          <ServerInfo>
            <Address>37.244.49.65</Address>
            <AuroraPassword>ENdoOo</AuroraPassword>
            <ClientHandle>2295208</ClientHandle>
            <GameHandle>5833120</GameHandle>
            <Mission>2</Mission>
            <Port>3724</Port>
            <Resumable>true</Resumable>
            <SpectatorMode>false</SpectatorMode>
            <SpectatorPassword>hpKgAO</SpectatorPassword>
            <Version>1299640</Version>
          </ServerInfo>
          <GameType>GT_RANKED</GameType>
          <RankedSeasonId>72</RankedSeasonId>
          <OpponentHeroCardId>HERO_09</OpponentHeroCardId>
          <Region>EU</Region>
          <Format>Standard</Format>
          <DeckId>518cdb0a-0f8f-4a85-9722-fe59278ceac4</DeckId>
          <DeckName>SHARK TEMPO</DeckName>
          <PlayerDeckVersion>
            <Build>0</Build>
            <Major>1</Major>
            <Minor>0</Minor>
            <Revision>0</Revision>
          </PlayerDeckVersion>
          <HsReplay>
            <UploadId>VMd3pZUTVobrmztPPLPaT6</UploadId>
            <UploadTries>1</UploadTries>
            <Unsupported>false</Unsupported>
            <ReplayUrl>https://hsreplay.net/uploads/upload/VMd3pZUTVobrmztPPLPaT6/</ReplayUrl>
          </HsReplay>
          <HsDeckId>1862887126</HsDeckId>
          <PlayerCards>
            <Card Id="DAL_400" Count="2" />
            <Card Id="GIL_827" Count="2" />
            <Card Id="DAL_417" Count="1" />
            <Card Id="WE1_029" Count="2" Unconfirmed="1" />
            <Card Id="DAL_415" Count="2" />
            <Card Id="DAL_416" Count="2" Unconfirmed="1" />
            <Card Id="DAL_716" Count="2" Unconfirmed="1" />
            <Card Id="EX1_144" Count="2" Unconfirmed="1" />
            <Card Id="ULD_186" Count="2" />
            <Card Id="EX1_581" Count="2" Unconfirmed="1" />
            <Card Id="EX1_613" Count="1" />
            <Card Id="CS2_072" Count="2" Unconfirmed="1" />
            <Card Id="DAL_720" Count="2" Unconfirmed="1" />
            <Card Id="DAL_714" Count="2" Unconfirmed="2" />
            <Card Id="GIL_622" Count="1" Unconfirmed="1" />
            <Card Id="TRL_092" Count="2" Unconfirmed="2" />
            <Card Id="EX1_116" Count="1" Unconfirmed="1" />
          </PlayerCards>
          <OpponentCards>
            <Card Id="EX1_621" Count="2" />
            <Card Id="BOT_517" Count="1" />
            <Card Id="CS1_129" Count="1" />
            <Card Id="EX1_001" Count="2" />
            <Card Id="CS2_004" Count="2" />
            <Card Id="CS2_236" Count="1" />
            <Card Id="ULD_272" Count="1" />
            <Card Id="ULD_271" Count="1" />
            <Card Id="ULD_196" Count="2" />
            <Card Id="EX1_007" Count="1" />
            <Card Id="BOT_219" Count="1" />
            <Card Id="CS2_181" Count="1" />
            <Card Id="ULD_262" Count="1" />
            <Card Id="ULD_268" Count="1" />
          </OpponentCards>
        </Game>
      </Games>
      <Name>SHARK TEMPO</Name>
    </Deck>
    <Deck>
      <DeckId>2b171c15-98df-4952-bd55-f2820b3d58ae</DeckId>
      <Games />
      <Name />
    </Deck>
    <Deck>
      <DeckId>11055dee-b7c2-400b-b408-b1a434978ad8</DeckId>
      <Games />
      <Name />
    </Deck>
    <Deck>
      <DeckId>aab64a39-f3e9-42e1-a5e3-1ea4ef12c8c6</DeckId>
      <Games />
      <Name>MECH HUNTER</Name>
    </Deck>
    <Deck>
      <DeckId>a5959c83-4be4-4f94-83bb-dd0aace774f7</DeckId>
      <Games />
      <Name>HIGHLANDER HUNTER</Name>
    </Deck>
    <Deck>
      <DeckId>7e1a06f4-8b3a-490d-8c41-089890cbd3c7</DeckId>
      <Games />
      <Name />
    </Deck>
    <Deck>
      <DeckId>fb82d83b-0aa1-4cf4-916a-5a3cdb821542</DeckId>
      <Games />
      <Name />
    </Deck>
    <Deck>
      <DeckId>597729ef-c90e-407b-9390-1f9d1db2ab06</DeckId>
      <Games />
      <Name />
    </Deck>
    <Deck>
      <DeckId>8bac5cb6-0e4c-4b11-821f-c5269436f941</DeckId>
      <Games />
      <Name>Use no deck</Name>
    </Deck>
    <Deck>
      <DeckId>a336aaae-d430-4999-81d5-1034cb277e99</DeckId>
      <Games />
      <Name>QUEST</Name>
    </Deck>
    <Deck>
      <DeckId>40f8c62a-71bb-42b1-9596-f59ae55968fa</DeckId>
      <Games />
      <Name>QUEST</Name>
    </Deck>
    <Deck>
      <DeckId>275ea2ce-3769-497b-9bd5-7dae253fc3d2</DeckId>
      <Games />
      <Name>Highlander</Name>
    </Deck>
    <Deck>
      <DeckId>902bb755-2ed3-47bb-ae01-03c5dba041ca</DeckId>
      <Games />
      <Name>QUEST</Name>
    </Deck>
    <Deck>
      <DeckId>30f6af88-a7bc-44b0-bb3e-fc45ecf20bbb</DeckId>
      <Games />
      <Name>TOGWAGGLE ROGUE</Name>
    </Deck>
    <Deck>
      <DeckId>59781b83-a0c3-45ba-bba8-def7bd990434</DeckId>
      <Games />
      <Name />
    </Deck>
    <Deck>
      <DeckId>60810817-b58a-4103-ba18-2c17a08e4366</DeckId>
      <Games />
      <Name />
    </Deck>
    <Deck>
      <DeckId>135226fc-b5ef-4845-bbf0-16230126d3bd</DeckId>
      <Games />
      <Name>CONTROL SHAMAN</Name>
    </Deck>
    <Deck>
      <DeckId>1e9485d7-92c1-482a-a29c-9a39634b2b38</DeckId>
      <Games />
      <Name />
    </Deck>
    <Deck>
      <DeckId>f9aa27dc-08ff-4207-aafe-4b09c949f9d2</DeckId>
      <Games />
      <Name>BEAST HUNTER</Name>
    </Deck>
    <Deck>
      <DeckId>14b3833b-c1ef-42ca-9481-72787ebfcf71</DeckId>
      <Games />
      <Name />
    </Deck>
    <Deck>
      <DeckId>7b24a757-560b-4ffb-a406-88dc409aaf6b</DeckId>
      <Games />
      <Name />
    </Deck>
    <Deck>
      <DeckId>09bc6ae3-84e9-4ea3-a901-e5abbef3b85c</DeckId>
      <Games />
      <Name>Use no deck</Name>
    </Deck>
    <Deck>
      <DeckId>27f6a6cd-e691-4372-89cf-bfbfb0f56d17</DeckId>
      <Games />
      <Name>Dragon Hunter</Name>
    </Deck>
    <Deck>
      <DeckId>4c5b6cf0-3d3d-4184-a820-e31557cc5277</DeckId>
      <Games />
      <Name>PIRATE ROGUE</Name>
    </Deck>
    <Deck>
      <DeckId>1a77a9b3-cef6-414d-92b1-7971b9d36bf1</DeckId>
      <Games />
      <Name />
    </Deck>
    <Deck>
      <DeckId>07329f4c-0eb9-4440-b404-d9aa1a8adbb4</DeckId>
      <Games />
      <Name>HIGHLANDER HUNTER</Name>
    </Deck>
    <Deck>
      <DeckId>0e3bfaea-99ae-4a82-aacd-d1a4f42e0bb7</DeckId>
      <Games />
      <Name>POGO ROGUE</Name>
    </Deck>
    <Deck>
      <DeckId>d7fea723-3e7f-4182-8547-e74a1f36468a</DeckId>
      <Games />
      <Name>QUEST SHAMAN</Name>
    </Deck>
    <Deck>
      <DeckId>d85ef9ed-3a6e-4270-8025-05c23abde729</DeckId>
      <Games />
      <Name />
    </Deck>
    <Deck>
      <DeckId>6bd7858f-d567-483a-953a-96bd5e4f1fc7</DeckId>
      <Games />
      <Name />
    </Deck>
    <Deck>
      <DeckId>e703f9e1-f8ca-4581-a3e4-4ac1a2285e88</DeckId>
      <Games />
      <Name />
    </Deck>
    <Deck>
      <DeckId>f3e333e1-b03e-470a-a645-25ccde0def56</DeckId>
      <Games />
      <Name />
    </Deck>
    <Deck>
      <DeckId>29dd937e-bd89-48f5-b45e-eae4853e8a7a</DeckId>
      <Games />
      <Name>WALL PRIEST</Name>
    </Deck>
    <Deck>
      <DeckId>9c19e2ee-74ef-45fe-aa03-4a87337006b8</DeckId>
      <Games />
      <Name />
    </Deck>
    <Deck>
      <DeckId>4b81756e-f432-4a87-8f17-9c9435755ab7</DeckId>
      <Games />
      <Name>MECH ROGUE</Name>
    </Deck>
    <Deck>
      <DeckId>22f56b51-abf8-43ca-bb0b-945b7c5f973c</DeckId>
      <Games />
      <Name>MIDRANGE HUNTER</Name>
    </Deck>
    <Deck>
      <DeckId>570b01ba-9884-426e-9f5b-c126b8c001df</DeckId>
      <Games />
      <Name>QUEST DRUID</Name>
    </Deck>
    <Deck>
      <DeckId>93f21d40-dc9b-4d2d-b137-cd02db197f9f</DeckId>
      <Games />
      <Name />
    </Deck>
    <Deck>
      <DeckId>41273779-62d9-4d6c-acc5-241be4896b66</DeckId>
      <Games />
      <Name>No match - Keep using active deck</Name>
    </Deck>
    <Deck>
      <DeckId>87b90d18-8227-4484-92a2-606d4986c263</DeckId>
      <Games />
      <Name>Custom Warrior</Name>
    </Deck>
    <Deck>
      <DeckId>b65034f2-22d3-4086-9230-bfe249d8053c</DeckId>
      <Games />
      <Name />
    </Deck>
    <Deck>
      <DeckId>5e431c07-c16d-4cf7-8456-dcc8010365cb</DeckId>
      <Games />
      <Name>No match - Keep using active deck</Name>
    </Deck>
    <Deck>
      <DeckId>524c62f0-56d5-40ab-8eb6-e5d5b46e5805</DeckId>
      <Games />
      <Name>QUEST MALY DRUID</Name>
    </Deck>
    <Deck>
      <DeckId>977342d5-8998-4c98-8299-66882423acf3</DeckId>
      <Games />
      <Name />
    </Deck>
    <Deck>
      <DeckId>faec12fa-ba41-4c2b-af85-c8069671a6f4</DeckId>
      <Games />
      <Name>Control</Name>
    </Deck>
    <Deck>
      <DeckId>6596d603-7db2-49e3-a826-a6324270eb66</DeckId>
      <Games />
      <Name>MECH HUNTER</Name>
    </Deck>
    <Deck>
      <DeckId>f4a8354f-2ae4-4d33-b489-11aad07ccf1e</DeckId>
      <Games />
      <Name>Custom Priest</Name>
    </Deck>
    <Deck>
      <DeckId>ac215220-620b-45ea-8a4f-8b57d9cf0de1</DeckId>
      <Games />
      <Name>Highlander Stealth</Name>
    </Deck>
    <Deck>
      <DeckId>51da2667-3b4d-4798-8596-b285165b3efe</DeckId>
      <Games />
      <Name />
    </Deck>
    <Deck>
      <DeckId>b07d14bd-9331-44ac-a349-ac562bccbcbd</DeckId>
      <Games />
      <Name>CONTROL WARRIOR</Name>
    </Deck>
    <Deck>
      <DeckId>5e2ec759-272c-4ef0-a77f-23424e794add</DeckId>
      <Games />
      <Name>MIRACLE PRIEST</Name>
    </Deck>
    <Deck>
      <DeckId>2e967617-1ba8-4a46-a221-89d9a19a35c9</DeckId>
      <Games />
      <Name>QUEST DRUID</Name>
    </Deck>
    <Deck>
      <DeckId>8bf0a7f6-fbc1-4f30-a702-7c202cf64645</DeckId>
      <Games />
      <Name>Mech Hunter</Name>
    </Deck>
    <Deck>
      <DeckId>6b94a2da-55a6-4d3a-93dd-70e3e13b735d</DeckId>
      <Games />
      <Name>Face</Name>
    </Deck>
    <Deck>
      <DeckId>f9fcb95a-3be3-4f24-941a-f8cd8f8e8b0b</DeckId>
      <Games />
      <Name>QUESTING MAGE</Name>
    </Deck>
    <Deck>
      <DeckId>77fd17aa-82d7-478b-a034-fdede12570ce</DeckId>
      <Games />
      <Name>Dragon Hunter</Name>
    </Deck>
    <Deck>
      <DeckId>d48c284b-7786-47a0-bb43-041b0c8937c1</DeckId>
      <Games />
      <Name />
    </Deck>
    <Deck>
      <DeckId>5f0256cf-2487-4950-bec5-f51e3be10a93</DeckId>
      <Games />
      <Name>Exotic</Name>
    </Deck>
    <Deck>
      <DeckId>aa72502c-d90b-41d6-848e-49c64e272d4c</DeckId>
      <Games />
      <Name>Spells</Name>
    </Deck>
    <Deck>
      <DeckId>585612d0-8a12-4eac-a44f-ac349d284302</DeckId>
      <Games />
      <Name>HIGHLANDER HUNTER</Name>
    </Deck>
    <Deck>
      <DeckId>301d7f64-8353-41ed-860a-a390375513cf</DeckId>
      <Games />
      <Name />
    </Deck>
    <Deck>
      <DeckId>3a979214-5c4b-4ff1-a599-5af61760da52</DeckId>
      <Games />
      <Name>Fast</Name>
    </Deck>
    <Deck>
      <DeckId>00747fe4-6850-42d0-a4df-230ee6c4fa05</DeckId>
      <Games />
      <Name />
    </Deck>
    <Deck>
      <DeckId>1d28ee80-53e8-4162-b129-d09014a94725</DeckId>
      <Games />
      <Name>Custom Hunter</Name>
    </Deck>
    <Deck>
      <DeckId>c77749c1-0e3b-4cd5-9c7f-4a339fc83636</DeckId>
      <Games />
      <Name />
    </Deck>
    <Deck>
      <DeckId>ea470ce0-c212-42c3-a371-e8dfd55ba706</DeckId>
      <Games />
      <Name>Galakrond Tog</Name>
    </Deck>
    <Deck>
      <DeckId>4704688f-355a-41cb-876d-ea43f97da367</DeckId>
      <Games />
      <Name />
    </Deck>
    <Deck>
      <DeckId>7ddbfbe4-385b-437d-9638-89e7f7a8327d</DeckId>
      <Games />
      <Name>Galakrond Tog</Name>
    </Deck>
    <Deck>
      <DeckId>09eef716-0534-4382-9cf7-0b7b53e109b2</DeckId>
      <Games />
      <Name />
    </Deck>
    <Deck>
      <DeckId>b2920219-a185-48a4-aca9-cc9158ac9c9b</DeckId>
      <Games />
      <Name>SHARK TOGWAGGLE ROGUE</Name>
    </Deck>
    <Deck>
      <DeckId>2247f278-653d-46b1-80b4-cacbc91cf170</DeckId>
      <Games />
      <Name>QUEST</Name>
    </Deck>
    <Deck>
      <DeckId>16ba06f4-dadd-4c9a-8754-c1907e8b329d</DeckId>
      <Games />
      <Name>Custom Hunter</Name>
    </Deck>
    <Deck>
      <DeckId>e43f7ec8-601f-419e-8fbb-e06d2afc5218</DeckId>
      <Games />
      <Name>CONTROL WARRIOR</Name>
    </Deck>
    <Deck>
      <DeckId>9873ae9c-37b5-4852-a608-5cecc6630dcd</DeckId>
      <Games />
      <Name>MECH HUNTER</Name>
    </Deck>
    <Deck>
      <DeckId>8cfab147-5406-4c49-afd6-218b553d2a92</DeckId>
      <Games />
      <Name />
    </Deck>
    <Deck>
      <DeckId>a8f7f74d-1e29-4dbc-9040-6c1fdebb382c</DeckId>
      <Games />
      <Name>Teron</Name>
    </Deck>
    <Deck>
      <DeckId>b4a0aaf1-a04e-4c04-bb0b-04e9d8fba145</DeckId>
      <Games />
      <Name>COMBO</Name>
    </Deck>
    <Deck>
      <DeckId>ea0b7a89-451c-44b6-a325-3f0124e45328</DeckId>
      <Games />
      <Name>Dragon Hunter</Name>
    </Deck>
    <Deck>
      <DeckId>150c8044-cb7b-4af0-8eb1-a7b875a38623</DeckId>
      <Games />
      <Name>Custom Rogue</Name>
    </Deck>
    <Deck>
      <DeckId>a9324060-92ee-4d36-8bfc-c51a89246c8e</DeckId>
      <Games />
      <Name />
    </Deck>
    <Deck>
      <DeckId>d980f9f7-2429-4edf-993e-417fe2743f84</DeckId>
      <Games />
      <Name />
    </Deck>
    <Deck>
      <DeckId>4a044d1b-0105-4739-942e-0a153fd8c096</DeckId>
      <Games />
      <Name>QUEST DRUID</Name>
    </Deck>
    <Deck>
      <DeckId>72d671b3-1f18-4251-be4d-c3fc33d79fee</DeckId>
      <Games />
      <Name>QUEST SHAMAN</Name>
    </Deck>
    <Deck>
      <DeckId>cc12fd32-38b4-4284-9400-4d6320ae62b8</DeckId>
      <Games />
      <Name>DRAGON</Name>
    </Deck>
    <Deck>
      <DeckId>df57f895-3a1b-4c92-b95a-cde5116ba550</DeckId>
      <Games />
      <Name>BEAST HUNTER</Name>
    </Deck>
    <Deck>
      <DeckId>ba925cd6-c0fa-4568-987d-0883a957c8ac</DeckId>
      <Games />
      <Name>DRAGON</Name>
    </Deck>
    <Deck>
      <DeckId>689da303-dc89-4434-a23d-ce7992e20447</DeckId>
      <Games />
      <Name />
    </Deck>
    <Deck>
      <DeckId>e0df3d75-e572-49f2-8b50-7bddeae67447</DeckId>
      <Games />
      <Name />
    </Deck>
    <Deck>
      <DeckId>04ca4739-3cc3-4c31-bd15-cb9a12c6569e</DeckId>
      <Games />
      <Name>QUEST</Name>
    </Deck>
    <Deck>
      <DeckId>a91054b1-c864-4086-84e4-d26ebe19ffbe</DeckId>
      <Games />
      <Name>Dragon Hunter</Name>
    </Deck>
    <Deck>
      <DeckId>a7136c57-d573-47e7-b1ad-6d663cfdd8f4</DeckId>
      <Games />
      <Name />
    </Deck>
    <Deck>
      <DeckId>de2d6323-ff7b-4ab8-9833-2dfcf03d4b17</DeckId>
      <Games />
      <Name />
    </Deck>
    <Deck>
      <DeckId>8aebed4b-07e9-4bc7-a963-f7bdee9e29e8</DeckId>
      <Games />
      <Name>MURLOC SHAMAN</Name>
    </Deck>
    <Deck>
      <DeckId>caf00247-5610-4bf7-b6ed-0203f5f5e123</DeckId>
      <Games />
      <Name>GALAKROND TEMPO</Name>
    </Deck>
    <Deck>
      <DeckId>3f279879-da3f-4aad-adb6-82ee0aac7f46</DeckId>
      <Games />
      <Name>HIGHLANDER HUNTER</Name>
    </Deck>
    <Deck>
      <DeckId>93db0b7b-8f85-4aff-bc18-0fe3923594ae</DeckId>
      <Games />
      <Name>DEATHRATTLE ROGUE</Name>
    </Deck>
    <Deck>
      <DeckId>f3c4086b-5873-4a23-845b-7829779fa6e6</DeckId>
      <Games />
      <Name>Use no deck</Name>
    </Deck>
    <Deck>
      <DeckId>930a8eb7-ad55-4ec1-b405-4314fd395556</DeckId>
      <Games />
      <Name>Use no deck</Name>
    </Deck>
    <Deck>
      <DeckId>8364424f-35c3-4fd8-b505-50c091291338</DeckId>
      <Games />
      <Name />
    </Deck>
    <Deck>
      <DeckId>c942ec8f-ab47-435c-b354-e7723bab97f9</DeckId>
      <Games />
      <Name>DEATHRATTLE ROGUE</Name>
    </Deck>
    <Deck>
      <DeckId>064e0ac4-0f94-48aa-8b23-7af1bd616d80</DeckId>
      <Games />
      <Name>BOMB WARRIOR</Name>
    </Deck>
    <Deck>
      <DeckId>6c0d8b33-9df4-43c5-acb9-bb5b50e1386a</DeckId>
      <Games />
      <Name>CONTROL</Name>
    </Deck>
    <Deck>
      <DeckId>d0412f89-e7e0-40dc-88ed-8b218676ab07</DeckId>
      <Games />
      <Name>Morphosis</Name>
    </Deck>
    <Deck>
      <DeckId>d39e439c-1c35-4e0d-baef-6bdd4e28fa3f</DeckId>
      <Games />
      <Name>CONTROL DRAGON WARRIOR</Name>
    </Deck>
    <Deck>
      <DeckId>ee5ee956-2225-4a41-8ff0-975ed7eea968</DeckId>
      <Games />
      <Name>CONTROL WARRIOR</Name>
    </Deck>
    <Deck>
      <DeckId>803aae3a-35c3-4584-8ebc-b7022d522b2a</DeckId>
      <Games />
      <Name>ZOO</Name>
    </Deck>
    <Deck>
      <DeckId>f29e8a4d-ec81-4288-8c6b-d8aa9f909593</DeckId>
      <Games />
      <Name>CONTROL WARRIOR</Name>
    </Deck>
    <Deck>
      <DeckId>d09b81fa-16cd-45cb-a247-009cfd4fec78</DeckId>
      <Games />
      <Name>Use no deck</Name>
    </Deck>
    <Deck>
      <DeckId>62e7aa25-b21b-4e9a-ae70-30702028b10c</DeckId>
      <Games />
      <Name>MIDRANGE HUNTER</Name>
    </Deck>
    <Deck>
      <DeckId>ece09359-f166-4093-8bb7-93081557f104</DeckId>
      <Games />
      <Name>QUEST DRUID</Name>
    </Deck>
    <Deck>
      <DeckId>fc113b4a-062d-468c-894c-a11c726b0f51</DeckId>
      <Games />
      <Name>CONTROL</Name>
    </Deck>
    <Deck>
      <DeckId>73693d7e-a4ea-4c4e-a2ad-3ba467330341</DeckId>
      <Games />
      <Name>ZOO WARLOCK</Name>
    </Deck>
    <Deck>
      <DeckId>72bcb099-6f5b-4c94-a986-9d8256158570</DeckId>
      <Games />
      <Name>CYCLONE MAGE</Name>
    </Deck>
    <Deck>
      <DeckId>25a23857-1064-4121-9c3d-8046223f31b1</DeckId>
      <Games />
      <Name>QUEST</Name>
    </Deck>
    <Deck>
      <DeckId>164e512c-e0d1-447d-b797-f0a70fc76e18</DeckId>
      <Games />
      <Name />
    </Deck>
    <Deck>
      <DeckId>4694a481-e127-4457-9ff1-29f7a5e7a5d7</DeckId>
      <Games />
      <Name />
    </Deck>
    <Deck>
      <DeckId>7b9732d8-60ea-4463-acf7-752db6751657</DeckId>
      <Games />
      <Name />
    </Deck>
    <Deck>
      <DeckId>9af0c618-67de-4425-a338-c850af687bf6</DeckId>
      <Games />
      <Name />
    </Deck>
    <Deck>
      <DeckId>99f43a7d-2ca6-4a71-afeb-81e81534c12d</DeckId>
      <Games />
      <Name>QUEST DRUID</Name>
    </Deck>
    <Deck>
      <DeckId>f903260c-7d80-4ca0-86b5-b5495eb53e6c</DeckId>
      <Games />
      <Name />
    </Deck>
    <Deck>
      <DeckId>10ed5e4f-312c-4baa-a515-edb161661cfc</DeckId>
      <Games />
      <Name>TOGWAGGLE ROGUE</Name>
    </Deck>
    <Deck>
      <DeckId>32783393-5568-49af-8443-e0c31b57617f</DeckId>
      <Games />
      <Name>SHARK TOGWAGGLE ROGUE</Name>
    </Deck>
    <Deck>
      <DeckId>c217c004-4e3d-4edd-828e-e76fe89c5d52</DeckId>
      <Games />
      <Name />
    </Deck>
    <Deck>
      <DeckId>e2925b01-febf-4df6-a599-2545c57328b1</DeckId>
      <Games />
      <Name />
    </Deck>
    <Deck>
      <DeckId>105d8395-cb74-4269-b0ee-a8132a8b7efe</DeckId>
      <Games />
      <Name />
    </Deck>
    <Deck>
      <DeckId>96489b51-e78b-4286-ad00-e1f653fde6ac</DeckId>
      <Games />
      <Name>QUEST</Name>
    </Deck>
    <Deck>
      <DeckId>68e3f400-9251-4fa7-8d35-afd243dfc1e3</DeckId>
      <Games />
      <Name>Spells</Name>
    </Deck>
    <Deck>
      <DeckId>045a53e2-9be4-453b-8c10-99dc810c5eee</DeckId>
      <Games />
      <Name>Tempo Myra</Name>
    </Deck>
    <Deck>
      <DeckId>90457ed7-258e-4e88-bd0d-8f5d61a59ec9</DeckId>
      <Games />
      <Name>SHARK TOGWAGGLE ROGUE</Name>
    </Deck>
  </DeckStats>
</DeckStatsList>