<?xml version="1.0" encoding="utf-8"?>
<Decks xmlns:xsi="http://www.w3.org/2001/XMLSchema-instance" xmlns:xsd="http://www.w3.org/2001/XMLSchema">
  <Tags>
    <Tag>All</Tag>
    <Tag>None</Tag>
    <Tag>Favorite</Tag>
  </Tags>
  <LastDeckClass>
    <DeckInfo>
      <Class>Warrior</Class>
      <Id>6a7df5c7-d85b-4a6f-970a-f186eeb8df9e</Id>
      <Name>Control Warrior</Name>
    </DeckInfo>
    <DeckInfo>
      <Class>Hunter</Class>
      <Id>a73a1b60-a045-4c2a-8fb1-c44b8c8b39fc</Id>
      <Name>Brawl 19-08 20:05</Name>
    </DeckInfo>
    <DeckInfo>
      <Class>Paladin</Class>
      <Id>5a2794f6-d11f-4da9-bb41-0820ff36909d</Id>
      <Name>OTsunaWTf</Name>
    </DeckInfo>
    <DeckInfo>
      <Class>Rogue</Class>
      <Id>2c11afac-d3ce-4a40-9d9f-2d0fcf18a18f</Id>
      <Name>Miracle</Name>
    </DeckInfo>
    <DeckInfo>
      <Class>Shaman</Class>
      <Id>dd40c7a0-ffa9-4b49-b6df-752117f19f2b</Id>
      <Name>Quest</Name>
    </DeckInfo>
    <DeckInfo>
      <Class>Mage</Class>
      <Id>4e3f1d74-4062-46f2-94a9-b37ca11159ed</Id>
      <Name>Quest Mage</Name>
    </DeckInfo>
    <DeckInfo>
      <Class>Warlock</Class>
      <Id>eedac41b-165b-4267-b81f-48a5fdea5c77</Id>
      <Name>Battlemaster</Name>
    </DeckInfo>
    <DeckInfo>
      <Class>DemonHunter</Class>
      <Id>df3ac84e-108e-4a51-8387-a8bee7b82ea9</Id>
      <Name>Aggro</Name>
    </DeckInfo>
  </LastDeckClass>
</Decks>