<?xml version="1.0" encoding="utf-8"?>
<Decks xmlns:xsi="http://www.w3.org/2001/XMLSchema-instance" xmlns:xsd="http://www.w3.org/2001/XMLSchema">
  <Tags>
    <Tag>All</Tag>
    <Tag>None</Tag>
    <Tag>Favorite</Tag>
  </Tags>
  <Deck>
    <Cards>
      <Card>
        <Id>DRG_239</Id>
        <Count>2</Count>
      </Card>
      <Card>
        <Id>DRG_057</Id>
        <Count>2</Count>
      </Card>
      <Card>
        <Id>DRG_070</Id>
        <Count>2</Count>
      </Card>
      <Card>
        <Id>DRG_066</Id>
        <Count>2</Count>
      </Card>
      <Card>
        <Id>DRG_060</Id>
        <Count>2</Count>
      </Card>
      <Card>
        <Id>YOD_006</Id>
        <Count>2</Count>
      </Card>
      <Card>
        <Id>DRG_073</Id>
        <Count>2</Count>
      </Card>
      <Card>
        <Id>DRG_065</Id>
        <Count>2</Count>
      </Card>
      <Card>
        <Id>DRG_067</Id>
        <Count>2</Count>
      </Card>
      <Card>
        <Id>DRG_054</Id>
        <Count>2</Count>
      </Card>
      <Card>
        <Id>YOD_029</Id>
        <Count>2</Count>
      </Card>
      <Card>
        <Id>DRG_079</Id>
        <Count>2</Count>
      </Card>
      <Card>
        <Id>DRG_061</Id>
        <Count>2</Count>
      </Card>
      <Card>
        <Id>DRG_310</Id>
        <Count>2</Count>
      </Card>
      <Card>
        <Id>DRG_213</Id>
        <Count>2</Count>
      </Card>
    </Cards>
    <Class>DemonHunter</Class>
    <LastEdited>2020-04-29T22:23:32.1750534+02:00</LastEdited>
    <MissingCards />
    <Url />
    <Version>
      <Build>0</Build>
      <Major>1</Major>
      <Minor>0</Minor>
      <Revision>0</Revision>
    </Version>
    <DeckHistory />
    <Archived>false</Archived>
    <HsId>1938297380</HsId>
    <Note />
    <SelectedVersion>
      <Build>0</Build>
      <Major>1</Major>
      <Minor>0</Minor>
      <Revision>0</Revision>
    </SelectedVersion>
    <IsArenaDeck>false</IsArenaDeck>
    <IsDungeonDeck>false</IsDungeonDeck>
    <DeckId>0eb8ffbb-8159-4bfa-b3ee-5737eebbd17c</DeckId>
    <Name>Brawl 29-04 22:23</Name>
    <Tags>
      <Tag>Brawl</Tag>
    </Tags>
  </Deck>
  <Deck>
    <Cards>
      <Card>
        <Id>CS2_072</Id>
        <Count>2</Count>
      </Card>
      <Card>
        <Id>BT_711</Id>
        <Count>2</Count>
      </Card>
      <Card>
        <Id>ULD_186</Id>
        <Count>2</Count>
      </Card>
      <Card>
        <Id>DRG_030</Id>
        <Count>2</Count>
      </Card>
      <Card>
        <Id>BT_707</Id>
        <Count>1</Count>
      </Card>
      <Card>
        <Id>BT_042</Id>
        <Count>2</Count>
      </Card>
      <Card>
        <Id>BT_709</Id>
        <Count>2</Count>
      </Card>
      <Card>
        <Id>EX1_124</Id>
        <Count>1</Count>
      </Card>
      <Card>
        <Id>BT_188</Id>
        <Count>1</Count>
      </Card>
      <Card>
        <Id>EX1_613</Id>
        <Count>1</Count>
      </Card>
      <Card>
        <Id>DAL_415</Id>
        <Count>2</Count>
      </Card>
      <Card>
        <Id>DRG_247</Id>
        <Count>2</Count>
      </Card>
      <Card>
        <Id>DRG_050</Id>
        <Count>2</Count>
      </Card>
      <Card>
        <Id>DRG_076</Id>
        <Count>2</Count>
      </Card>
      <Card>
        <Id>DRG_242</Id>
        <Count>2</Count>
      </Card>
      <Card>
        <Id>DRG_037</Id>
        <Count>1</Count>
      </Card>
      <Card>
        <Id>DAL_417</Id>
        <Count>1</Count>
      </Card>
      <Card>
        <Id>DRG_099</Id>
        <Count>1</Count>
      </Card>
      <Card>
        <Id>DRG_610</Id>
        <Count>1</Count>
      </Card>
    </Cards>
    <Class>Rogue</Class>
    <LastEdited>2020-05-01T10:59:27.1802857+02:00</LastEdited>
    <MissingCards />
    <Url />
    <Version>
      <Build>0</Build>
      <Major>1</Major>
      <Minor>0</Minor>
      <Revision>0</Revision>
    </Version>
    <DeckHistory />
    <Archived>false</Archived>
    <HsId>1939475902</HsId>
    <Note />
    <SelectedVersion>
      <Build>0</Build>
      <Major>1</Major>
      <Minor>0</Minor>
      <Revision>0</Revision>
    </SelectedVersion>
    <IsArenaDeck>false</IsArenaDeck>
    <IsDungeonDeck>false</IsDungeonDeck>
    <DeckId>d2beedd7-3702-4b9a-bcaf-604cab576643</DeckId>
    <Name>Secrets</Name>
    <Tags />
  </Deck>
  <Deck>
    <Cards>
      <Card>
        <Id>BT_175</Id>
        <Count>2</Count>
      </Card>
      <Card>
        <Id>BT_351</Id>
        <Count>2</Count>
      </Card>
      <Card>
        <Id>DRG_239</Id>
        <Count>2</Count>
      </Card>
      <Card>
        <Id>BT_480</Id>
        <Count>2</Count>
      </Card>
      <Card>
        <Id>BT_753</Id>
        <Count>1</Count>
      </Card>
      <Card>
        <Id>BT_035</Id>
        <Count>1</Count>
      </Card>
      <Card>
        <Id>BT_496</Id>
        <Count>1</Count>
      </Card>
      <Card>
        <Id>BT_491</Id>
        <Count>2</Count>
      </Card>
      <Card>
        <Id>BT_922</Id>
        <Count>1</Count>
      </Card>
      <Card>
        <Id>BT_921</Id>
        <Count>1</Count>
      </Card>
      <Card>
        <Id>BT_801</Id>
        <Count>2</Count>
      </Card>
      <Card>
        <Id>BT_352</Id>
        <Count>2</Count>
      </Card>
      <Card>
        <Id>BT_937</Id>
        <Count>1</Count>
      </Card>
      <Card>
        <Id>BT_187</Id>
        <Count>1</Count>
      </Card>
      <Card>
        <Id>BT_416</Id>
        <Count>2</Count>
      </Card>
      <Card>
        <Id>BT_429</Id>
        <Count>1</Count>
      </Card>
      <Card>
        <Id>BT_430</Id>
        <Count>2</Count>
      </Card>
      <Card>
        <Id>BT_601</Id>
        <Count>2</Count>
      </Card>
      <Card>
        <Id>BT_493</Id>
        <Count>2</Count>
      </Card>
    </Cards>
    <Class>DemonHunter</Class>
    <LastEdited>2020-05-01T10:59:27.1802857+02:00</LastEdited>
    <MissingCards />
    <Url />
    <Version>
      <Build>0</Build>
      <Major>1</Major>
      <Minor>0</Minor>
      <Revision>0</Revision>
    </Version>
    <DeckHistory />
    <Archived>false</Archived>
    <HsId>1925921447</HsId>
    <Note />
    <SelectedVersion>
      <Build>0</Build>
      <Major>1</Major>
      <Minor>0</Minor>
      <Revision>0</Revision>
    </SelectedVersion>
    <IsArenaDeck>false</IsArenaDeck>
    <IsDungeonDeck>false</IsDungeonDeck>
    <DeckId>4b8f5453-7c2d-4458-ad44-ed38dcc5a7f3</DeckId>
    <Name>Morphosis</Name>
    <Tags />
  </Deck>
  <Deck>
    <Cards>
      <Card>
        <Id>EX1_607</Id>
        <Count>2</Count>
      </Card>
      <Card>
        <Id>YOD_022</Id>
        <Count>2</Count>
      </Card>
      <Card>
        <Id>DRG_024</Id>
        <Count>2</Count>
      </Card>
      <Card>
        <Id>EX1_402</Id>
        <Count>2</Count>
      </Card>
      <Card>
        <Id>EX1_392</Id>
        <Count>2</Count>
      </Card>
      <Card>
        <Id>BT_124</Id>
        <Count>2</Count>
      </Card>
      <Card>
        <Id>CS2_104</Id>
        <Count>2</Count>
      </Card>
      <Card>
        <Id>ULD_174</Id>
        <Count>2</Count>
      </Card>
      <Card>
        <Id>DRG_025</Id>
        <Count>1</Count>
      </Card>
      <Card>
        <Id>ULD_720</Id>
        <Count>2</Count>
      </Card>
      <Card>
        <Id>YOD_024</Id>
        <Count>2</Count>
      </Card>
      <Card>
        <Id>ULD_708</Id>
        <Count>2</Count>
      </Card>
      <Card>
        <Id>BT_126</Id>
        <Count>1</Count>
      </Card>
      <Card>
        <Id>BT_120</Id>
        <Count>2</Count>
      </Card>
      <Card>
        <Id>NEW1_011</Id>
        <Count>2</Count>
      </Card>
      <Card>
        <Id>BT_138</Id>
        <Count>2</Count>
      </Card>
    </Cards>
    <Class>Warrior</Class>
    <LastEdited>2020-05-01T10:59:27.1812844+02:00</LastEdited>
    <MissingCards />
    <Url />
    <Version>
      <Build>0</Build>
      <Major>1</Major>
      <Minor>0</Minor>
      <Revision>0</Revision>
    </Version>
    <DeckHistory />
    <Archived>false</Archived>
    <HsId>1926972494</HsId>
    <Note />
    <SelectedVersion>
      <Build>0</Build>
      <Major>1</Major>
      <Minor>0</Minor>
      <Revision>0</Revision>
    </SelectedVersion>
    <IsArenaDeck>false</IsArenaDeck>
    <IsDungeonDeck>false</IsDungeonDeck>
    <DeckId>a8f7f74d-1e29-4dbc-9040-6c1fdebb382c</DeckId>
    <Name>Teron</Name>
    <Tags />
  </Deck>
  <Deck>
    <Cards>
      <Card>
        <Id>BT_175</Id>
        <Count>2</Count>
      </Card>
      <Card>
        <Id>BT_490</Id>
        <Count>2</Count>
      </Card>
      <Card>
        <Id>BT_480</Id>
        <Count>2</Count>
      </Card>
      <Card>
        <Id>BT_753</Id>
        <Count>2</Count>
      </Card>
      <Card>
        <Id>EX1_012</Id>
        <Count>1</Count>
      </Card>
      <Card>
        <Id>BT_035</Id>
        <Count>2</Count>
      </Card>
      <Card>
        <Id>BT_514</Id>
        <Count>2</Count>
      </Card>
      <Card>
        <Id>EX1_015</Id>
        <Count>2</Count>
      </Card>
      <Card>
        <Id>BT_491</Id>
        <Count>2</Count>
      </Card>
      <Card>
        <Id>ULD_003</Id>
        <Count>1</Count>
      </Card>
      <Card>
        <Id>BT_921</Id>
        <Count>2</Count>
      </Card>
      <Card>
        <Id>BT_801</Id>
        <Count>2</Count>
      </Card>
      <Card>
        <Id>BT_937</Id>
        <Count>1</Count>
      </Card>
      <Card>
        <Id>BT_187</Id>
        <Count>1</Count>
      </Card>
      <Card>
        <Id>BT_429</Id>
        <Count>1</Count>
      </Card>
      <Card>
        <Id>BT_601</Id>
        <Count>2</Count>
      </Card>
      <Card>
        <Id>BT_255</Id>
        <Count>1</Count>
      </Card>
      <Card>
        <Id>BT_512</Id>
        <Count>2</Count>
      </Card>
    </Cards>
    <Class>DemonHunter</Class>
    <LastEdited>2020-05-01T10:59:27.1812844+02:00</LastEdited>
    <MissingCards />
    <Url />
    <Version>
      <Build>0</Build>
      <Major>1</Major>
      <Minor>0</Minor>
      <Revision>0</Revision>
    </Version>
    <DeckHistory />
    <Archived>false</Archived>
    <HsId>1928021721</HsId>
    <Note />
    <SelectedVersion>
      <Build>0</Build>
      <Major>1</Major>
      <Minor>0</Minor>
      <Revision>0</Revision>
    </SelectedVersion>
    <IsArenaDeck>false</IsArenaDeck>
    <IsDungeonDeck>false</IsDungeonDeck>
    <DeckId>37b9faa0-928b-4346-b84d-fcc44490f560</DeckId>
    <Name>OTK</Name>
    <Tags />
  </Deck>
  <Deck>
    <Cards>
      <Card>
        <Id>DS1_185</Id>
        <Count>2</Count>
      </Card>
      <Card>
        <Id>DRG_253</Id>
        <Count>2</Count>
      </Card>
      <Card>
        <Id>EX1_029</Id>
        <Count>2</Count>
      </Card>
      <Card>
        <Id>DAL_373</Id>
        <Count>2</Count>
      </Card>
      <Card>
        <Id>DRG_255</Id>
        <Count>2</Count>
      </Card>
      <Card>
        <Id>EX1_610</Id>
        <Count>2</Count>
      </Card>
      <Card>
        <Id>ULD_184</Id>
        <Count>2</Count>
      </Card>
      <Card>
        <Id>BT_203</Id>
        <Count>1</Count>
      </Card>
      <Card>
        <Id>DRG_252</Id>
        <Count>2</Count>
      </Card>
      <Card>
        <Id>BT_213</Id>
        <Count>2</Count>
      </Card>
      <Card>
        <Id>NEW1_031</Id>
        <Count>2</Count>
      </Card>
      <Card>
        <Id>EX1_536</Id>
        <Count>2</Count>
      </Card>
      <Card>
        <Id>EX1_539</Id>
        <Count>2</Count>
      </Card>
      <Card>
        <Id>BT_126</Id>
        <Count>1</Count>
      </Card>
      <Card>
        <Id>EX1_538</Id>
        <Count>2</Count>
      </Card>
      <Card>
        <Id>BT_212</Id>
        <Count>2</Count>
      </Card>
    </Cards>
    <Class>Hunter</Class>
    <LastEdited>2020-05-01T10:59:27.1812844+02:00</LastEdited>
    <MissingCards />
    <Url />
    <Version>
      <Build>0</Build>
      <Major>1</Major>
      <Minor>0</Minor>
      <Revision>0</Revision>
    </Version>
    <DeckHistory />
    <Archived>false</Archived>
    <HsId>1935468512</HsId>
    <Note />
    <SelectedVersion>
      <Build>0</Build>
      <Major>1</Major>
      <Minor>0</Minor>
      <Revision>0</Revision>
    </SelectedVersion>
    <IsArenaDeck>false</IsArenaDeck>
    <IsDungeonDeck>false</IsDungeonDeck>
    <DeckId>eb75a96c-f446-4690-8a5f-e35a4d676f6d</DeckId>
    <Name>Face Hunter</Name>
    <Tags />
  </Deck>
  <Deck>
    <Cards>
      <Card>
        <Id>CS2_072</Id>
        <Count>1</Count>
      </Card>
      <Card>
        <Id>EX1_144</Id>
        <Count>1</Count>
      </Card>
      <Card>
        <Id>DRG_028</Id>
        <Count>1</Count>
      </Card>
      <Card>
        <Id>ULD_186</Id>
        <Count>1</Count>
      </Card>
      <Card>
        <Id>DRG_030</Id>
        <Count>1</Count>
      </Card>
      <Card>
        <Id>BT_701</Id>
        <Count>1</Count>
      </Card>
      <Card>
        <Id>EX1_124</Id>
        <Count>1</Count>
      </Card>
      <Card>
        <Id>EX1_581</Id>
        <Count>1</Count>
      </Card>
      <Card>
        <Id>YOD_016</Id>
        <Count>1</Count>
      </Card>
      <Card>
        <Id>DAL_714</Id>
        <Count>1</Count>
      </Card>
      <Card>
        <Id>YOD_018</Id>
        <Count>1</Count>
      </Card>
      <Card>
        <Id>ULD_003</Id>
        <Count>1</Count>
      </Card>
      <Card>
        <Id>EX1_613</Id>
        <Count>1</Count>
      </Card>
      <Card>
        <Id>DAL_415</Id>
        <Count>1</Count>
      </Card>
      <Card>
        <Id>BT_714</Id>
        <Count>1</Count>
      </Card>
      <Card>
        <Id>DRG_247</Id>
        <Count>1</Count>
      </Card>
      <Card>
        <Id>ULD_275</Id>
        <Count>1</Count>
      </Card>
      <Card>
        <Id>DRG_050</Id>
        <Count>1</Count>
      </Card>
      <Card>
        <Id>YOD_006</Id>
        <Count>1</Count>
      </Card>
      <Card>
        <Id>DAL_716</Id>
        <Count>1</Count>
      </Card>
      <Card>
        <Id>DRG_076</Id>
        <Count>1</Count>
      </Card>
      <Card>
        <Id>DRG_082</Id>
        <Count>1</Count>
      </Card>
      <Card>
        <Id>DRG_242</Id>
        <Count>1</Count>
      </Card>
      <Card>
        <Id>DRG_037</Id>
        <Count>1</Count>
      </Card>
      <Card>
        <Id>DAL_417</Id>
        <Count>1</Count>
      </Card>
      <Card>
        <Id>ULD_208</Id>
        <Count>1</Count>
      </Card>
      <Card>
        <Id>DRG_099</Id>
        <Count>1</Count>
      </Card>
      <Card>
        <Id>DRG_610</Id>
        <Count>1</Count>
      </Card>
      <Card>
        <Id>ULD_178</Id>
        <Count>1</Count>
      </Card>
      <Card>
        <Id>DRG_089</Id>
        <Count>1</Count>
      </Card>
    </Cards>
    <Class>Rogue</Class>
    <LastEdited>2020-05-01T10:59:27.1822833+02:00</LastEdited>
    <MissingCards />
    <Url />
    <Version>
      <Build>0</Build>
      <Major>1</Major>
      <Minor>0</Minor>
      <Revision>0</Revision>
    </Version>
    <DeckHistory />
    <Archived>false</Archived>
    <HsId>1936164456</HsId>
    <Note />
    <SelectedVersion>
      <Build>0</Build>
      <Major>1</Major>
      <Minor>0</Minor>
      <Revision>0</Revision>
    </SelectedVersion>
    <IsArenaDeck>false</IsArenaDeck>
    <IsDungeonDeck>false</IsDungeonDeck>
    <DeckId>a7e9500d-663a-4e37-9767-9a5eff718b7a</DeckId>
    <Name>Highlander Stealth</Name>
    <Tags />
  </Deck>
  <Deck>
    <Cards>
      <Card>
        <Id>DRG_303</Id>
        <Count>2</Count>
      </Card>
      <Card>
        <Id>BT_252</Id>
        <Count>2</Count>
      </Card>
      <Card>
        <Id>ULD_714</Id>
        <Count>2</Count>
      </Card>
      <Card>
        <Id>BT_254</Id>
        <Count>2</Count>
      </Card>
      <Card>
        <Id>EX1_622</Id>
        <Count>2</Count>
      </Card>
      <Card>
        <Id>EX1_339</Id>
        <Count>2</Count>
      </Card>
      <Card>
        <Id>BT_257</Id>
        <Count>1</Count>
      </Card>
      <Card>
        <Id>DRG_307</Id>
        <Count>2</Count>
      </Card>
      <Card>
        <Id>DAL_729</Id>
        <Count>1</Count>
      </Card>
      <Card>
        <Id>DRG_308</Id>
        <Count>1</Count>
      </Card>
      <Card>
        <Id>EX1_334</Id>
        <Count>1</Count>
      </Card>
      <Card>
        <Id>DRG_300</Id>
        <Count>2</Count>
      </Card>
      <Card>
        <Id>CS1_112</Id>
        <Count>2</Count>
      </Card>
      <Card>
        <Id>DRG_242</Id>
        <Count>2</Count>
      </Card>
      <Card>
        <Id>DRG_246</Id>
        <Count>2</Count>
      </Card>
      <Card>
        <Id>DRG_099</Id>
        <Count>1</Count>
      </Card>
      <Card>
        <Id>DRG_660</Id>
        <Count>1</Count>
      </Card>
      <Card>
        <Id>BT_198</Id>
        <Count>1</Count>
      </Card>
      <Card>
        <Id>DRG_090</Id>
        <Count>1</Count>
      </Card>
    </Cards>
    <Class>Priest</Class>
    <LastEdited>2020-05-04T19:24:46.8110072+02:00</LastEdited>
    <MissingCards />
    <Url />
    <Version>
      <Build>0</Build>
      <Major>1</Major>
      <Minor>0</Minor>
      <Revision>0</Revision>
    </Version>
    <DeckHistory />
    <Archived>false</Archived>
    <HsId>1941140629</HsId>
    <Note />
    <SelectedVersion>
      <Build>0</Build>
      <Major>1</Major>
      <Minor>0</Minor>
      <Revision>0</Revision>
    </SelectedVersion>
    <IsArenaDeck>false</IsArenaDeck>
    <IsDungeonDeck>false</IsDungeonDeck>
    <DeckId>25bea213-1a37-42e5-bf8d-6ce8b4ca712c</DeckId>
    <Name>EZ wins</Name>
    <Tags />
  </Deck>
  <LastDeckClass>
    <DeckInfo>
      <Class>Paladin</Class>
      <Id>aa5efba2-19c4-4d8c-aaa0-6834372dc1e7</Id>
      <Name>MECH</Name>
    </DeckInfo>
    <DeckInfo>
      <Class>Shaman</Class>
      <Id>08d7f1fc-440d-4308-a436-4b6d878464ee</Id>
      <Name>Highlander Quest</Name>
    </DeckInfo>
    <DeckInfo>
      <Class>Warlock</Class>
      <Id>a7a37e8e-7e88-437b-8cb9-6bae110f1b46</Id>
      <Name>Plot Twist</Name>
    </DeckInfo>
    <DeckInfo>
      <Class>Mage</Class>
      <Id>a77f3823-8f51-4082-b881-0f5c2fcf7c18</Id>
      <Name>Tombs of Terror 07-04 12:39</Name>
    </DeckInfo>
    <DeckInfo>
      <Class>Priest</Class>
      <Id>25bea213-1a37-42e5-bf8d-6ce8b4ca712c</Id>
      <Name>EZ wins</Name>
    </DeckInfo>
    <DeckInfo>
      <Class>Hunter</Class>
      <Id>eb75a96c-f446-4690-8a5f-e35a4d676f6d</Id>
      <Name>Face Hunter</Name>
    </DeckInfo>
    <DeckInfo>
      <Class>DemonHunter</Class>
      <Id>4b8f5453-7c2d-4458-ad44-ed38dcc5a7f3</Id>
      <Name>Morphosis</Name>
    </DeckInfo>
    <DeckInfo>
      <Class>Warrior</Class>
      <Id>a8f7f74d-1e29-4dbc-9040-6c1fdebb382c</Id>
      <Name>Teron</Name>
    </DeckInfo>
    <DeckInfo>
      <Class>Rogue</Class>
      <Id>d2beedd7-3702-4b9a-bcaf-604cab576643</Id>
      <Name>Secrets</Name>
    </DeckInfo>
  </LastDeckClass>
</Decks>