<?xml version="1.0" encoding="utf-8"?>
<Decks xmlns:xsi="http://www.w3.org/2001/XMLSchema-instance" xmlns:xsd="http://www.w3.org/2001/XMLSchema">
  <Tags>
    <Tag>All</Tag>
    <Tag>None</Tag>
    <Tag>Favorite</Tag>
  </Tags>
  <Deck>
    <Cards>
      <Card>
        <Id>DRG_239</Id>
        <Count>2</Count>
      </Card>
      <Card>
        <Id>DRG_253</Id>
        <Count>2</Count>
      </Card>
      <Card>
        <Id>DS1_184</Id>
        <Count>2</Count>
      </Card>
      <Card>
        <Id>DRG_006</Id>
        <Count>2</Count>
      </Card>
      <Card>
        <Id>EX1_610</Id>
        <Count>1</Count>
      </Card>
      <Card>
        <Id>NEW1_023</Id>
        <Count>2</Count>
      </Card>
      <Card>
        <Id>EX1_611</Id>
        <Count>1</Count>
      </Card>
      <Card>
        <Id>DRG_252</Id>
        <Count>2</Count>
      </Card>
      <Card>
        <Id>EX1_554</Id>
        <Count>1</Count>
      </Card>
      <Card>
        <Id>DRG_254</Id>
        <Count>2</Count>
      </Card>
      <Card>
        <Id>DRG_081</Id>
        <Count>2</Count>
      </Card>
      <Card>
        <Id>DRG_007</Id>
        <Count>2</Count>
      </Card>
      <Card>
        <Id>DRG_256</Id>
        <Count>1</Count>
      </Card>
      <Card>
        <Id>DRG_073</Id>
        <Count>2</Count>
      </Card>
      <Card>
        <Id>YOD_032</Id>
        <Count>2</Count>
      </Card>
      <Card>
        <Id>DRG_054</Id>
        <Count>2</Count>
      </Card>
      <Card>
        <Id>YOD_036</Id>
        <Count>2</Count>
      </Card>
    </Cards>
    <Class>Hunter</Class>
    <LastEdited>2020-04-27T14:38:57.4000036+02:00</LastEdited>
    <MissingCards />
    <Url />
    <Version>
      <Build>0</Build>
      <Major>1</Major>
      <Minor>0</Minor>
      <Revision>0</Revision>
    </Version>
    <DeckHistory />
    <Archived>false</Archived>
    <HsId>1915409470</HsId>
    <Note />
    <SelectedVersion>
      <Build>0</Build>
      <Major>1</Major>
      <Minor>0</Minor>
      <Revision>0</Revision>
    </SelectedVersion>
    <IsArenaDeck>false</IsArenaDeck>
    <IsDungeonDeck>false</IsDungeonDeck>
    <DeckId>9e9abc2b-76f0-4021-8b22-0a7844b0d763</DeckId>
    <Name>Dragon</Name>
    <Tags />
  </Deck>
  <Deck>
    <Cards>
      <Card>
        <Id>YOD_022</Id>
        <Count>1</Count>
      </Card>
      <Card>
        <Id>EX1_410</Id>
        <Count>1</Count>
      </Card>
      <Card>
        <Id>BT_233</Id>
        <Count>1</Count>
      </Card>
      <Card>
        <Id>EX1_066</Id>
        <Count>1</Count>
      </Card>
      <Card>
        <Id>EX1_392</Id>
        <Count>1</Count>
      </Card>
      <Card>
        <Id>BT_124</Id>
        <Count>1</Count>
      </Card>
      <Card>
        <Id>DRG_021</Id>
        <Count>1</Count>
      </Card>
      <Card>
        <Id>ULD_003</Id>
        <Count>1</Count>
      </Card>
      <Card>
        <Id>DRG_249</Id>
        <Count>1</Count>
      </Card>
      <Card>
        <Id>BT_117</Id>
        <Count>1</Count>
      </Card>
      <Card>
        <Id>DRG_020</Id>
        <Count>1</Count>
      </Card>
      <Card>
        <Id>ULD_708</Id>
        <Count>1</Count>
      </Card>
      <Card>
        <Id>DRG_022</Id>
        <Count>1</Count>
      </Card>
      <Card>
        <Id>EX1_606</Id>
        <Count>1</Count>
      </Card>
      <Card>
        <Id>BT_120</Id>
        <Count>1</Count>
      </Card>
      <Card>
        <Id>DRG_050</Id>
        <Count>1</Count>
      </Card>
      <Card>
        <Id>BT_123</Id>
        <Count>1</Count>
      </Card>
      <Card>
        <Id>ULD_206</Id>
        <Count>1</Count>
      </Card>
      <Card>
        <Id>DRG_019</Id>
        <Count>1</Count>
      </Card>
      <Card>
        <Id>EX1_407</Id>
        <Count>1</Count>
      </Card>
      <Card>
        <Id>ULD_707</Id>
        <Count>1</Count>
      </Card>
      <Card>
        <Id>BT_249</Id>
        <Count>1</Count>
      </Card>
      <Card>
        <Id>DRG_242</Id>
        <Count>1</Count>
      </Card>
      <Card>
        <Id>ULD_709</Id>
        <Count>1</Count>
      </Card>
      <Card>
        <Id>DRG_099</Id>
        <Count>1</Count>
      </Card>
      <Card>
        <Id>BT_138</Id>
        <Count>1</Count>
      </Card>
      <Card>
        <Id>DRG_650</Id>
        <Count>1</Count>
      </Card>
      <Card>
        <Id>ULD_178</Id>
        <Count>1</Count>
      </Card>
      <Card>
        <Id>DRG_026</Id>
        <Count>1</Count>
      </Card>
      <Card>
        <Id>DRG_089</Id>
        <Count>1</Count>
      </Card>
    </Cards>
    <Class>Warrior</Class>
    <LastEdited>2020-04-27T14:38:57.4010022+02:00</LastEdited>
    <MissingCards />
    <Url />
    <Version>
      <Build>0</Build>
      <Major>1</Major>
      <Minor>0</Minor>
      <Revision>0</Revision>
    </Version>
    <DeckHistory />
    <Archived>false</Archived>
    <HsId>1936911443</HsId>
    <Note />
    <SelectedVersion>
      <Build>0</Build>
      <Major>1</Major>
      <Minor>0</Minor>
      <Revision>0</Revision>
    </SelectedVersion>
    <IsArenaDeck>false</IsArenaDeck>
    <IsDungeonDeck>false</IsDungeonDeck>
    <DeckId>57f15098-11d1-4059-83f5-06c20cafb517</DeckId>
    <Name>Highlander</Name>
    <Tags />
  </Deck>
  <Deck>
    <Cards>
      <Card>
        <Id>BT_175</Id>
        <Count>2</Count>
      </Card>
      <Card>
        <Id>BT_490</Id>
        <Count>2</Count>
      </Card>
      <Card>
        <Id>BT_480</Id>
        <Count>2</Count>
      </Card>
      <Card>
        <Id>BT_753</Id>
        <Count>2</Count>
      </Card>
      <Card>
        <Id>EX1_012</Id>
        <Count>1</Count>
      </Card>
      <Card>
        <Id>BT_035</Id>
        <Count>2</Count>
      </Card>
      <Card>
        <Id>BT_514</Id>
        <Count>2</Count>
      </Card>
      <Card>
        <Id>EX1_015</Id>
        <Count>2</Count>
      </Card>
      <Card>
        <Id>BT_491</Id>
        <Count>2</Count>
      </Card>
      <Card>
        <Id>ULD_003</Id>
        <Count>1</Count>
      </Card>
      <Card>
        <Id>BT_921</Id>
        <Count>2</Count>
      </Card>
      <Card>
        <Id>BT_801</Id>
        <Count>2</Count>
      </Card>
      <Card>
        <Id>BT_937</Id>
        <Count>1</Count>
      </Card>
      <Card>
        <Id>BT_187</Id>
        <Count>1</Count>
      </Card>
      <Card>
        <Id>BT_429</Id>
        <Count>1</Count>
      </Card>
      <Card>
        <Id>BT_601</Id>
        <Count>2</Count>
      </Card>
      <Card>
        <Id>BT_255</Id>
        <Count>1</Count>
      </Card>
      <Card>
        <Id>BT_512</Id>
        <Count>2</Count>
      </Card>
    </Cards>
    <Class>DemonHunter</Class>
    <LastEdited>2020-04-27T14:38:57.4010022+02:00</LastEdited>
    <MissingCards />
    <Url />
    <Version>
      <Build>0</Build>
      <Major>1</Major>
      <Minor>0</Minor>
      <Revision>0</Revision>
    </Version>
    <DeckHistory />
    <Archived>false</Archived>
    <HsId>1928021721</HsId>
    <Note />
    <SelectedVersion>
      <Build>0</Build>
      <Major>1</Major>
      <Minor>0</Minor>
      <Revision>0</Revision>
    </SelectedVersion>
    <IsArenaDeck>false</IsArenaDeck>
    <IsDungeonDeck>false</IsDungeonDeck>
    <DeckId>94aaa78d-1cf4-47ea-a98e-e5cbf4259136</DeckId>
    <Name>OTK</Name>
    <Tags />
  </Deck>
  <Deck>
    <Cards>
      <Card>
        <Id>DS1_185</Id>
        <Count>2</Count>
      </Card>
      <Card>
        <Id>DRG_253</Id>
        <Count>2</Count>
      </Card>
      <Card>
        <Id>EX1_029</Id>
        <Count>2</Count>
      </Card>
      <Card>
        <Id>DAL_373</Id>
        <Count>2</Count>
      </Card>
      <Card>
        <Id>DRG_255</Id>
        <Count>2</Count>
      </Card>
      <Card>
        <Id>EX1_610</Id>
        <Count>2</Count>
      </Card>
      <Card>
        <Id>ULD_184</Id>
        <Count>2</Count>
      </Card>
      <Card>
        <Id>BT_203</Id>
        <Count>1</Count>
      </Card>
      <Card>
        <Id>DRG_252</Id>
        <Count>2</Count>
      </Card>
      <Card>
        <Id>BT_213</Id>
        <Count>2</Count>
      </Card>
      <Card>
        <Id>NEW1_031</Id>
        <Count>2</Count>
      </Card>
      <Card>
        <Id>EX1_536</Id>
        <Count>2</Count>
      </Card>
      <Card>
        <Id>EX1_539</Id>
        <Count>2</Count>
      </Card>
      <Card>
        <Id>BT_126</Id>
        <Count>1</Count>
      </Card>
      <Card>
        <Id>EX1_538</Id>
        <Count>2</Count>
      </Card>
      <Card>
        <Id>BT_212</Id>
        <Count>2</Count>
      </Card>
    </Cards>
    <Class>Hunter</Class>
    <LastEdited>2020-04-27T14:38:57.4020009+02:00</LastEdited>
    <MissingCards />
    <Url />
    <Version>
      <Build>0</Build>
      <Major>1</Major>
      <Minor>0</Minor>
      <Revision>0</Revision>
    </Version>
    <DeckHistory />
    <Archived>false</Archived>
    <HsId>1935468512</HsId>
    <Note />
    <SelectedVersion>
      <Build>0</Build>
      <Major>1</Major>
      <Minor>0</Minor>
      <Revision>0</Revision>
    </SelectedVersion>
    <IsArenaDeck>false</IsArenaDeck>
    <IsDungeonDeck>false</IsDungeonDeck>
    <DeckId>c10b1cb2-b768-4552-bb12-cc7da00f7705</DeckId>
    <Name>Face Hunter</Name>
    <Tags />
  </Deck>
  <Deck>
    <Cards>
      <Card>
        <Id>CS2_072</Id>
        <Count>2</Count>
      </Card>
      <Card>
        <Id>EX1_144</Id>
        <Count>2</Count>
      </Card>
      <Card>
        <Id>BT_711</Id>
        <Count>2</Count>
      </Card>
      <Card>
        <Id>ULD_186</Id>
        <Count>2</Count>
      </Card>
      <Card>
        <Id>DRG_030</Id>
        <Count>2</Count>
      </Card>
      <Card>
        <Id>BT_707</Id>
        <Count>1</Count>
      </Card>
      <Card>
        <Id>BT_042</Id>
        <Count>1</Count>
      </Card>
      <Card>
        <Id>BT_709</Id>
        <Count>2</Count>
      </Card>
      <Card>
        <Id>EX1_124</Id>
        <Count>1</Count>
      </Card>
      <Card>
        <Id>BT_188</Id>
        <Count>1</Count>
      </Card>
      <Card>
        <Id>EX1_613</Id>
        <Count>1</Count>
      </Card>
      <Card>
        <Id>DAL_415</Id>
        <Count>2</Count>
      </Card>
      <Card>
        <Id>DRG_247</Id>
        <Count>2</Count>
      </Card>
      <Card>
        <Id>DRG_050</Id>
        <Count>1</Count>
      </Card>
      <Card>
        <Id>DRG_076</Id>
        <Count>2</Count>
      </Card>
      <Card>
        <Id>DRG_242</Id>
        <Count>2</Count>
      </Card>
      <Card>
        <Id>DRG_037</Id>
        <Count>1</Count>
      </Card>
      <Card>
        <Id>DAL_417</Id>
        <Count>1</Count>
      </Card>
      <Card>
        <Id>DRG_099</Id>
        <Count>1</Count>
      </Card>
      <Card>
        <Id>DRG_610</Id>
        <Count>1</Count>
      </Card>
    </Cards>
    <Class>Rogue</Class>
    <LastEdited>2020-04-27T14:38:57.4020009+02:00</LastEdited>
    <MissingCards />
    <Url />
    <Version>
      <Build>0</Build>
      <Major>1</Major>
      <Minor>0</Minor>
      <Revision>0</Revision>
    </Version>
    <DeckHistory />
    <Archived>false</Archived>
    <HsId>1936164456</HsId>
    <Note />
    <SelectedVersion>
      <Build>0</Build>
      <Major>1</Major>
      <Minor>0</Minor>
      <Revision>0</Revision>
    </SelectedVersion>
    <IsArenaDeck>false</IsArenaDeck>
    <IsDungeonDeck>false</IsDungeonDeck>
    <DeckId>ac215220-620b-45ea-8a4f-8b57d9cf0de1</DeckId>
    <Name>Secret Galakrond</Name>
    <Tags />
  </Deck>
  <Deck>
    <Cards>
      <Card>
        <Id>EX1_607</Id>
        <Count>1</Count>
      </Card>
      <Card>
        <Id>YOD_022</Id>
        <Count>2</Count>
      </Card>
      <Card>
        <Id>DRG_024</Id>
        <Count>2</Count>
      </Card>
      <Card>
        <Id>EX1_402</Id>
        <Count>2</Count>
      </Card>
      <Card>
        <Id>EX1_392</Id>
        <Count>2</Count>
      </Card>
      <Card>
        <Id>CS2_108</Id>
        <Count>1</Count>
      </Card>
      <Card>
        <Id>DRG_021</Id>
        <Count>2</Count>
      </Card>
      <Card>
        <Id>DRG_025</Id>
        <Count>1</Count>
      </Card>
      <Card>
        <Id>DRG_249</Id>
        <Count>2</Count>
      </Card>
      <Card>
        <Id>ULD_720</Id>
        <Count>2</Count>
      </Card>
      <Card>
        <Id>YOD_024</Id>
        <Count>2</Count>
      </Card>
      <Card>
        <Id>DRG_050</Id>
        <Count>2</Count>
      </Card>
      <Card>
        <Id>NEW1_011</Id>
        <Count>1</Count>
      </Card>
      <Card>
        <Id>DRG_019</Id>
        <Count>2</Count>
      </Card>
      <Card>
        <Id>DRG_242</Id>
        <Count>2</Count>
      </Card>
      <Card>
        <Id>DRG_099</Id>
        <Count>1</Count>
      </Card>
      <Card>
        <Id>BT_138</Id>
        <Count>2</Count>
      </Card>
      <Card>
        <Id>DRG_650</Id>
        <Count>1</Count>
      </Card>
    </Cards>
    <Class>Warrior</Class>
    <LastEdited>2020-04-27T14:38:57.4020009+02:00</LastEdited>
    <MissingCards />
    <Url />
    <Version>
      <Build>0</Build>
      <Major>1</Major>
      <Minor>0</Minor>
      <Revision>0</Revision>
    </Version>
    <DeckHistory />
    <Archived>false</Archived>
    <HsId>1936897345</HsId>
    <Note />
    <SelectedVersion>
      <Build>0</Build>
      <Major>1</Major>
      <Minor>0</Minor>
      <Revision>0</Revision>
    </SelectedVersion>
    <IsArenaDeck>false</IsArenaDeck>
    <IsDungeonDeck>false</IsDungeonDeck>
    <DeckId>87dacb71-efb5-4e83-8bcc-dcefeaf326f6</DeckId>
    <Name>Galakrond</Name>
    <Tags />
  </Deck>
  <Deck>
    <Cards>
      <Card>
        <Id>EX1_169</Id>
        <Count>2</Count>
      </Card>
      <Card>
        <Id>CS2_008</Id>
        <Count>2</Count>
      </Card>
      <Card>
        <Id>BT_128</Id>
        <Count>2</Count>
      </Card>
      <Card>
        <Id>BT_132</Id>
        <Count>2</Count>
      </Card>
      <Card>
        <Id>EX1_160</Id>
        <Count>2</Count>
      </Card>
      <Card>
        <Id>EX1_154</Id>
        <Count>2</Count>
      </Card>
      <Card>
        <Id>BT_134</Id>
        <Count>2</Count>
      </Card>
      <Card>
        <Id>CS2_011</Id>
        <Count>1</Count>
      </Card>
      <Card>
        <Id>BT_130</Id>
        <Count>2</Count>
      </Card>
      <Card>
        <Id>DRG_314</Id>
        <Count>1</Count>
      </Card>
      <Card>
        <Id>EX1_571</Id>
        <Count>2</Count>
      </Card>
      <Card>
        <Id>BT_135</Id>
        <Count>2</Count>
      </Card>
      <Card>
        <Id>NEW1_007</Id>
        <Count>2</Count>
      </Card>
      <Card>
        <Id>BT_255</Id>
        <Count>1</Count>
      </Card>
      <Card>
        <Id>ULD_273</Id>
        <Count>2</Count>
      </Card>
      <Card>
        <Id>EX1_183</Id>
        <Count>2</Count>
      </Card>
      <Card>
        <Id>DAL_256</Id>
        <Count>1</Count>
      </Card>
    </Cards>
    <Class>Druid</Class>
    <LastEdited>2020-04-28T16:10:38.3050656+02:00</LastEdited>
    <MissingCards />
    <Url />
    <Version>
      <Build>0</Build>
      <Major>1</Major>
      <Minor>1</Minor>
      <Revision>0</Revision>
    </Version>
    <DeckHistory>
      <Deck>
        <Cards>
          <Card>
            <Id>EX1_169</Id>
            <Count>2</Count>
          </Card>
          <Card>
            <Id>BT_128</Id>
            <Count>2</Count>
          </Card>
          <Card>
            <Id>BT_132</Id>
            <Count>2</Count>
          </Card>
          <Card>
            <Id>EX1_160</Id>
            <Count>2</Count>
          </Card>
          <Card>
            <Id>EX1_154</Id>
            <Count>2</Count>
          </Card>
          <Card>
            <Id>BT_134</Id>
            <Count>2</Count>
          </Card>
          <Card>
            <Id>CS2_011</Id>
            <Count>1</Count>
          </Card>
          <Card>
            <Id>BT_130</Id>
            <Count>2</Count>
          </Card>
          <Card>
            <Id>DRG_314</Id>
            <Count>1</Count>
          </Card>
          <Card>
            <Id>ULD_138</Id>
            <Count>2</Count>
          </Card>
          <Card>
            <Id>EX1_571</Id>
            <Count>2</Count>
          </Card>
          <Card>
            <Id>BT_135</Id>
            <Count>2</Count>
          </Card>
          <Card>
            <Id>NEW1_007</Id>
            <Count>2</Count>
          </Card>
          <Card>
            <Id>BT_255</Id>
            <Count>1</Count>
          </Card>
          <Card>
            <Id>ULD_273</Id>
            <Count>2</Count>
          </Card>
          <Card>
            <Id>EX1_183</Id>
            <Count>2</Count>
          </Card>
          <Card>
            <Id>DAL_256</Id>
            <Count>1</Count>
          </Card>
        </Cards>
        <Class>Druid</Class>
        <LastEdited>2020-04-27T14:38:57.4000036+02:00</LastEdited>
        <MissingCards />
        <Url />
        <Version>
          <Build>0</Build>
          <Major>1</Major>
          <Minor>0</Minor>
          <Revision>0</Revision>
        </Version>
        <DeckHistory />
        <Archived>false</Archived>
        <HsId>1924898972</HsId>
        <Note />
        <SelectedVersion>
          <Build>0</Build>
          <Major>1</Major>
          <Minor>0</Minor>
          <Revision>0</Revision>
        </SelectedVersion>
        <IsArenaDeck>false</IsArenaDeck>
        <IsDungeonDeck>false</IsDungeonDeck>
        <DeckId>606ee8ec-5eb6-445c-b1d8-85d6c4cabb66</DeckId>
        <Name>Spells</Name>
        <Tags />
      </Deck>
    </DeckHistory>
    <Archived>false</Archived>
    <HsId>1924898972</HsId>
    <Note />
    <SelectedVersion>
      <Build>0</Build>
      <Major>1</Major>
      <Minor>1</Minor>
      <Revision>0</Revision>
    </SelectedVersion>
    <IsArenaDeck>false</IsArenaDeck>
    <IsDungeonDeck>false</IsDungeonDeck>
    <DeckId>68e3f400-9251-4fa7-8d35-afd243dfc1e3</DeckId>
    <Name>Spells</Name>
    <Tags />
  </Deck>
  <Deck>
    <Cards>
      <Card>
        <Id>CS2_072</Id>
        <Count>1</Count>
      </Card>
      <Card>
        <Id>EX1_144</Id>
        <Count>1</Count>
      </Card>
      <Card>
        <Id>DRG_028</Id>
        <Count>1</Count>
      </Card>
      <Card>
        <Id>ULD_186</Id>
        <Count>1</Count>
      </Card>
      <Card>
        <Id>DRG_030</Id>
        <Count>1</Count>
      </Card>
      <Card>
        <Id>BT_701</Id>
        <Count>1</Count>
      </Card>
      <Card>
        <Id>EX1_124</Id>
        <Count>1</Count>
      </Card>
      <Card>
        <Id>ULD_271</Id>
        <Count>1</Count>
      </Card>
      <Card>
        <Id>EX1_581</Id>
        <Count>1</Count>
      </Card>
      <Card>
        <Id>DAL_714</Id>
        <Count>1</Count>
      </Card>
      <Card>
        <Id>ULD_003</Id>
        <Count>1</Count>
      </Card>
      <Card>
        <Id>EX1_613</Id>
        <Count>1</Count>
      </Card>
      <Card>
        <Id>DAL_415</Id>
        <Count>1</Count>
      </Card>
      <Card>
        <Id>BT_714</Id>
        <Count>1</Count>
      </Card>
      <Card>
        <Id>DAL_773</Id>
        <Count>1</Count>
      </Card>
      <Card>
        <Id>DRG_247</Id>
        <Count>1</Count>
      </Card>
      <Card>
        <Id>EX1_134</Id>
        <Count>1</Count>
      </Card>
      <Card>
        <Id>ULD_275</Id>
        <Count>1</Count>
      </Card>
      <Card>
        <Id>DRG_050</Id>
        <Count>1</Count>
      </Card>
      <Card>
        <Id>YOD_006</Id>
        <Count>1</Count>
      </Card>
      <Card>
        <Id>DAL_716</Id>
        <Count>1</Count>
      </Card>
      <Card>
        <Id>DRG_076</Id>
        <Count>1</Count>
      </Card>
      <Card>
        <Id>BT_720</Id>
        <Count>1</Count>
      </Card>
      <Card>
        <Id>DRG_242</Id>
        <Count>1</Count>
      </Card>
      <Card>
        <Id>DRG_037</Id>
        <Count>1</Count>
      </Card>
      <Card>
        <Id>DAL_417</Id>
        <Count>1</Count>
      </Card>
      <Card>
        <Id>DRG_099</Id>
        <Count>1</Count>
      </Card>
      <Card>
        <Id>DRG_610</Id>
        <Count>1</Count>
      </Card>
      <Card>
        <Id>ULD_178</Id>
        <Count>1</Count>
      </Card>
      <Card>
        <Id>DRG_089</Id>
        <Count>1</Count>
      </Card>
    </Cards>
    <Class>Rogue</Class>
    <LastEdited>2020-04-28T16:10:38.3070636+02:00</LastEdited>
    <MissingCards />
    <Url />
    <Version>
      <Build>0</Build>
      <Major>1</Major>
      <Minor>0</Minor>
      <Revision>0</Revision>
    </Version>
    <DeckHistory />
    <Archived>false</Archived>
    <HsId>1937331708</HsId>
    <Note />
    <SelectedVersion>
      <Build>0</Build>
      <Major>1</Major>
      <Minor>0</Minor>
      <Revision>0</Revision>
    </SelectedVersion>
    <IsArenaDeck>false</IsArenaDeck>
    <IsDungeonDeck>false</IsDungeonDeck>
    <DeckId>05721384-7226-48e1-843c-84a4893b71e5</DeckId>
    <Name>Highlander</Name>
    <Tags />
  </Deck>
  <Deck>
    <Cards>
      <Card>
        <Id>BT_175</Id>
        <Count>1</Count>
      </Card>
      <Card>
        <Id>BT_351</Id>
        <Count>1</Count>
      </Card>
      <Card>
        <Id>DRG_239</Id>
        <Count>1</Count>
      </Card>
      <Card>
        <Id>BT_480</Id>
        <Count>1</Count>
      </Card>
      <Card>
        <Id>BT_722</Id>
        <Count>1</Count>
      </Card>
      <Card>
        <Id>BT_142</Id>
        <Count>1</Count>
      </Card>
      <Card>
        <Id>BT_407</Id>
        <Count>1</Count>
      </Card>
      <Card>
        <Id>BT_035</Id>
        <Count>1</Count>
      </Card>
      <Card>
        <Id>BT_496</Id>
        <Count>1</Count>
      </Card>
      <Card>
        <Id>BT_321</Id>
        <Count>1</Count>
      </Card>
      <Card>
        <Id>BT_323</Id>
        <Count>1</Count>
      </Card>
      <Card>
        <Id>BT_491</Id>
        <Count>1</Count>
      </Card>
      <Card>
        <Id>BT_922</Id>
        <Count>1</Count>
      </Card>
      <Card>
        <Id>ULD_003</Id>
        <Count>1</Count>
      </Card>
      <Card>
        <Id>BT_921</Id>
        <Count>1</Count>
      </Card>
      <Card>
        <Id>BT_801</Id>
        <Count>1</Count>
      </Card>
      <Card>
        <Id>BT_714</Id>
        <Count>1</Count>
      </Card>
      <Card>
        <Id>BT_352</Id>
        <Count>1</Count>
      </Card>
      <Card>
        <Id>YOD_032</Id>
        <Count>1</Count>
      </Card>
      <Card>
        <Id>BT_814</Id>
        <Count>1</Count>
      </Card>
      <Card>
        <Id>BT_187</Id>
        <Count>1</Count>
      </Card>
      <Card>
        <Id>BT_737</Id>
        <Count>1</Count>
      </Card>
      <Card>
        <Id>BT_416</Id>
        <Count>1</Count>
      </Card>
      <Card>
        <Id>BT_495</Id>
        <Count>1</Count>
      </Card>
      <Card>
        <Id>BT_429</Id>
        <Count>1</Count>
      </Card>
      <Card>
        <Id>BT_430</Id>
        <Count>1</Count>
      </Card>
      <Card>
        <Id>BT_601</Id>
        <Count>1</Count>
      </Card>
      <Card>
        <Id>BT_493</Id>
        <Count>1</Count>
      </Card>
      <Card>
        <Id>BT_761</Id>
        <Count>1</Count>
      </Card>
      <Card>
        <Id>DRG_089</Id>
        <Count>1</Count>
      </Card>
    </Cards>
    <Class>DemonHunter</Class>
    <LastEdited>2020-04-28T17:40:17.3271756+02:00</LastEdited>
    <MissingCards />
    <Url />
    <Version>
      <Build>0</Build>
      <Major>1</Major>
      <Minor>0</Minor>
      <Revision>0</Revision>
    </Version>
    <DeckHistory />
    <Archived>false</Archived>
    <HsId>1937530754</HsId>
    <Note />
    <SelectedVersion>
      <Build>0</Build>
      <Major>1</Major>
      <Minor>0</Minor>
      <Revision>0</Revision>
    </SelectedVersion>
    <IsArenaDeck>false</IsArenaDeck>
    <IsDungeonDeck>false</IsDungeonDeck>
    <DeckId>bad50e1b-1d51-4872-885d-e3b94ff75b50</DeckId>
    <Name>Highlander</Name>
    <Tags />
  </Deck>
  <Deck>
    <Cards>
      <Card>
        <Id>DRG_239</Id>
        <Count>2</Count>
      </Card>
      <Card>
        <Id>DRG_057</Id>
        <Count>2</Count>
      </Card>
      <Card>
        <Id>DRG_070</Id>
        <Count>2</Count>
      </Card>
      <Card>
        <Id>DRG_066</Id>
        <Count>2</Count>
      </Card>
      <Card>
        <Id>DRG_060</Id>
        <Count>2</Count>
      </Card>
      <Card>
        <Id>YOD_006</Id>
        <Count>2</Count>
      </Card>
      <Card>
        <Id>DRG_073</Id>
        <Count>2</Count>
      </Card>
      <Card>
        <Id>DRG_065</Id>
        <Count>2</Count>
      </Card>
      <Card>
        <Id>DRG_067</Id>
        <Count>2</Count>
      </Card>
      <Card>
        <Id>DRG_054</Id>
        <Count>2</Count>
      </Card>
      <Card>
        <Id>YOD_029</Id>
        <Count>2</Count>
      </Card>
      <Card>
        <Id>DRG_079</Id>
        <Count>2</Count>
      </Card>
      <Card>
        <Id>DRG_061</Id>
        <Count>2</Count>
      </Card>
      <Card>
        <Id>DRG_310</Id>
        <Count>2</Count>
      </Card>
      <Card>
        <Id>DRG_213</Id>
        <Count>2</Count>
      </Card>
    </Cards>
    <Class>DemonHunter</Class>
    <LastEdited>2020-04-29T22:23:32.1750534+02:00</LastEdited>
    <MissingCards />
    <Url />
    <Version>
      <Build>0</Build>
      <Major>1</Major>
      <Minor>0</Minor>
      <Revision>0</Revision>
    </Version>
    <DeckHistory />
    <Archived>false</Archived>
    <HsId>1938297380</HsId>
    <Note />
    <SelectedVersion>
      <Build>0</Build>
      <Major>1</Major>
      <Minor>0</Minor>
      <Revision>0</Revision>
    </SelectedVersion>
    <IsArenaDeck>false</IsArenaDeck>
    <IsDungeonDeck>false</IsDungeonDeck>
    <DeckId>0eb8ffbb-8159-4bfa-b3ee-5737eebbd17c</DeckId>
    <Name>Brawl 29-04 22:23</Name>
    <Tags>
      <Tag>Brawl</Tag>
    </Tags>
  </Deck>
  <Deck>
    <Cards>
      <Card>
        <Id>BT_175</Id>
        <Count>2</Count>
      </Card>
      <Card>
        <Id>BT_351</Id>
        <Count>2</Count>
      </Card>
      <Card>
        <Id>DRG_239</Id>
        <Count>2</Count>
      </Card>
      <Card>
        <Id>BT_480</Id>
        <Count>2</Count>
      </Card>
      <Card>
        <Id>BT_753</Id>
        <Count>1</Count>
      </Card>
      <Card>
        <Id>BT_035</Id>
        <Count>1</Count>
      </Card>
      <Card>
        <Id>BT_496</Id>
        <Count>1</Count>
      </Card>
      <Card>
        <Id>BT_491</Id>
        <Count>2</Count>
      </Card>
      <Card>
        <Id>BT_922</Id>
        <Count>1</Count>
      </Card>
      <Card>
        <Id>BT_921</Id>
        <Count>1</Count>
      </Card>
      <Card>
        <Id>BT_801</Id>
        <Count>2</Count>
      </Card>
      <Card>
        <Id>BT_352</Id>
        <Count>2</Count>
      </Card>
      <Card>
        <Id>BT_937</Id>
        <Count>1</Count>
      </Card>
      <Card>
        <Id>BT_187</Id>
        <Count>1</Count>
      </Card>
      <Card>
        <Id>BT_416</Id>
        <Count>2</Count>
      </Card>
      <Card>
        <Id>BT_429</Id>
        <Count>1</Count>
      </Card>
      <Card>
        <Id>BT_430</Id>
        <Count>2</Count>
      </Card>
      <Card>
        <Id>BT_601</Id>
        <Count>2</Count>
      </Card>
      <Card>
        <Id>BT_493</Id>
        <Count>2</Count>
      </Card>
    </Cards>
    <Class>DemonHunter</Class>
    <LastEdited>2020-04-29T22:40:48.2767141+02:00</LastEdited>
    <MissingCards />
    <Url />
    <Version>
      <Build>0</Build>
      <Major>1</Major>
      <Minor>1</Minor>
      <Revision>0</Revision>
    </Version>
    <DeckHistory>
      <Deck>
        <Cards>
          <Card>
            <Id>BT_175</Id>
            <Count>2</Count>
          </Card>
          <Card>
            <Id>BT_351</Id>
            <Count>2</Count>
          </Card>
          <Card>
            <Id>DRG_239</Id>
            <Count>2</Count>
          </Card>
          <Card>
            <Id>BT_480</Id>
            <Count>2</Count>
          </Card>
          <Card>
            <Id>BT_753</Id>
            <Count>1</Count>
          </Card>
          <Card>
            <Id>BT_035</Id>
            <Count>1</Count>
          </Card>
          <Card>
            <Id>BT_496</Id>
            <Count>2</Count>
          </Card>
          <Card>
            <Id>BT_491</Id>
            <Count>2</Count>
          </Card>
          <Card>
            <Id>BT_922</Id>
            <Count>1</Count>
          </Card>
          <Card>
            <Id>BT_921</Id>
            <Count>1</Count>
          </Card>
          <Card>
            <Id>BT_801</Id>
            <Count>2</Count>
          </Card>
          <Card>
            <Id>BT_352</Id>
            <Count>2</Count>
          </Card>
          <Card>
            <Id>BT_937</Id>
            <Count>1</Count>
          </Card>
          <Card>
            <Id>YOD_032</Id>
            <Count>2</Count>
          </Card>
          <Card>
            <Id>BT_187</Id>
            <Count>1</Count>
          </Card>
          <Card>
            <Id>BT_737</Id>
            <Count>1</Count>
          </Card>
          <Card>
            <Id>BT_429</Id>
            <Count>1</Count>
          </Card>
          <Card>
            <Id>BT_430</Id>
            <Count>2</Count>
          </Card>
          <Card>
            <Id>BT_601</Id>
            <Count>2</Count>
          </Card>
        </Cards>
        <Class>DemonHunter</Class>
        <LastEdited>2020-04-27T14:38:57.4010022+02:00</LastEdited>
        <MissingCards />
        <Url />
        <Version>
          <Build>0</Build>
          <Major>1</Major>
          <Minor>0</Minor>
          <Revision>0</Revision>
        </Version>
        <DeckHistory />
        <Archived>false</Archived>
        <HsId>1925921447</HsId>
        <Note />
        <SelectedVersion>
          <Build>0</Build>
          <Major>1</Major>
          <Minor>0</Minor>
          <Revision>0</Revision>
        </SelectedVersion>
        <IsArenaDeck>false</IsArenaDeck>
        <IsDungeonDeck>false</IsDungeonDeck>
        <DeckId>e6a89ecd-f146-43bb-a049-f18ab9ea0df4</DeckId>
        <Name>Morphosis</Name>
        <Tags />
      </Deck>
    </DeckHistory>
    <Archived>false</Archived>
    <HsId>1925921447</HsId>
    <Note />
    <SelectedVersion>
      <Build>0</Build>
      <Major>1</Major>
      <Minor>1</Minor>
      <Revision>0</Revision>
    </SelectedVersion>
    <IsArenaDeck>false</IsArenaDeck>
    <IsDungeonDeck>false</IsDungeonDeck>
    <DeckId>5c7e104a-9d32-4874-a63e-35b004195171</DeckId>
    <Name>Morphosis</Name>
    <Tags />
  </Deck>
  <Deck>
    <Cards>
      <Card>
        <Id>EX1_169</Id>
        <Count>2</Count>
      </Card>
      <Card>
        <Id>CS2_008</Id>
        <Count>2</Count>
      </Card>
      <Card>
        <Id>DAL_350</Id>
        <Count>2</Count>
      </Card>
      <Card>
        <Id>BT_723</Id>
        <Count>1</Count>
      </Card>
      <Card>
        <Id>DRG_311</Id>
        <Count>1</Count>
      </Card>
      <Card>
        <Id>BT_128</Id>
        <Count>2</Count>
      </Card>
      <Card>
        <Id>BT_132</Id>
        <Count>2</Count>
      </Card>
      <Card>
        <Id>EX1_160</Id>
        <Count>2</Count>
      </Card>
      <Card>
        <Id>YOD_001</Id>
        <Count>2</Count>
      </Card>
      <Card>
        <Id>EX1_154</Id>
        <Count>2</Count>
      </Card>
      <Card>
        <Id>BT_134</Id>
        <Count>2</Count>
      </Card>
      <Card>
        <Id>BT_127</Id>
        <Count>1</Count>
      </Card>
      <Card>
        <Id>BT_130</Id>
        <Count>2</Count>
      </Card>
      <Card>
        <Id>BT_135</Id>
        <Count>2</Count>
      </Card>
      <Card>
        <Id>BT_255</Id>
        <Count>1</Count>
      </Card>
      <Card>
        <Id>ULD_273</Id>
        <Count>2</Count>
      </Card>
      <Card>
        <Id>DAL_550</Id>
        <Count>2</Count>
      </Card>
    </Cards>
    <Class>Druid</Class>
    <LastEdited>2020-04-30T19:26:00.7119672+02:00</LastEdited>
    <MissingCards />
    <Url />
    <Version>
      <Build>0</Build>
      <Major>1</Major>
      <Minor>0</Minor>
      <Revision>0</Revision>
    </Version>
    <DeckHistory />
    <Archived>false</Archived>
    <HsId>1938761047</HsId>
    <Note />
    <SelectedVersion>
      <Build>0</Build>
      <Major>1</Major>
      <Minor>0</Minor>
      <Revision>0</Revision>
    </SelectedVersion>
    <IsArenaDeck>false</IsArenaDeck>
    <IsDungeonDeck>false</IsDungeonDeck>
    <DeckId>b000b7d5-f1c0-4c87-a858-a3f9d738b426</DeckId>
    <Name>Underbelly</Name>
    <Tags />
  </Deck>
  <Deck>
    <Cards>
      <Card>
        <Id>EX1_607</Id>
        <Count>2</Count>
      </Card>
      <Card>
        <Id>YOD_022</Id>
        <Count>2</Count>
      </Card>
      <Card>
        <Id>DRG_024</Id>
        <Count>2</Count>
      </Card>
      <Card>
        <Id>EX1_402</Id>
        <Count>2</Count>
      </Card>
      <Card>
        <Id>EX1_392</Id>
        <Count>2</Count>
      </Card>
      <Card>
        <Id>BT_124</Id>
        <Count>2</Count>
      </Card>
      <Card>
        <Id>CS2_104</Id>
        <Count>2</Count>
      </Card>
      <Card>
        <Id>ULD_174</Id>
        <Count>2</Count>
      </Card>
      <Card>
        <Id>DRG_025</Id>
        <Count>1</Count>
      </Card>
      <Card>
        <Id>ULD_720</Id>
        <Count>2</Count>
      </Card>
      <Card>
        <Id>YOD_024</Id>
        <Count>2</Count>
      </Card>
      <Card>
        <Id>ULD_708</Id>
        <Count>2</Count>
      </Card>
      <Card>
        <Id>BT_126</Id>
        <Count>1</Count>
      </Card>
      <Card>
        <Id>BT_120</Id>
        <Count>2</Count>
      </Card>
      <Card>
        <Id>NEW1_011</Id>
        <Count>2</Count>
      </Card>
      <Card>
        <Id>BT_138</Id>
        <Count>2</Count>
      </Card>
    </Cards>
    <Class>Warrior</Class>
    <LastEdited>2020-04-30T19:42:57.3305963+02:00</LastEdited>
    <MissingCards />
    <Url />
    <Version>
      <Build>0</Build>
      <Major>1</Major>
      <Minor>1</Minor>
      <Revision>0</Revision>
    </Version>
    <DeckHistory>
      <Deck>
        <Cards>
          <Card>
            <Id>EX1_607</Id>
            <Count>2</Count>
          </Card>
          <Card>
            <Id>YOD_022</Id>
            <Count>2</Count>
          </Card>
          <Card>
            <Id>DRG_024</Id>
            <Count>2</Count>
          </Card>
          <Card>
            <Id>EX1_402</Id>
            <Count>2</Count>
          </Card>
          <Card>
            <Id>EX1_392</Id>
            <Count>2</Count>
          </Card>
          <Card>
            <Id>BT_124</Id>
            <Count>2</Count>
          </Card>
          <Card>
            <Id>CS2_104</Id>
            <Count>2</Count>
          </Card>
          <Card>
            <Id>ULD_174</Id>
            <Count>2</Count>
          </Card>
          <Card>
            <Id>DRG_025</Id>
            <Count>1</Count>
          </Card>
          <Card>
            <Id>ULD_720</Id>
            <Count>2</Count>
          </Card>
          <Card>
            <Id>YOD_024</Id>
            <Count>2</Count>
          </Card>
          <Card>
            <Id>EX1_604</Id>
            <Count>2</Count>
          </Card>
          <Card>
            <Id>ULD_708</Id>
            <Count>2</Count>
          </Card>
          <Card>
            <Id>BT_126</Id>
            <Count>1</Count>
          </Card>
          <Card>
            <Id>BT_120</Id>
            <Count>1</Count>
          </Card>
          <Card>
            <Id>NEW1_011</Id>
            <Count>1</Count>
          </Card>
          <Card>
            <Id>BT_138</Id>
            <Count>2</Count>
          </Card>
        </Cards>
        <Class>Warrior</Class>
        <LastEdited>2020-04-27T14:38:57.4010022+02:00</LastEdited>
        <MissingCards />
        <Url />
        <Version>
          <Build>0</Build>
          <Major>1</Major>
          <Minor>0</Minor>
          <Revision>0</Revision>
        </Version>
        <DeckHistory />
        <Archived>false</Archived>
        <HsId>1926972494</HsId>
        <Note />
        <SelectedVersion>
          <Build>0</Build>
          <Major>1</Major>
          <Minor>0</Minor>
          <Revision>0</Revision>
        </SelectedVersion>
        <IsArenaDeck>false</IsArenaDeck>
        <IsDungeonDeck>false</IsDungeonDeck>
        <DeckId>2577470b-01b8-42bf-8588-2163f2d122d9</DeckId>
        <Name>Teron</Name>
        <Tags />
      </Deck>
    </DeckHistory>
    <Archived>false</Archived>
    <HsId>1926972494</HsId>
    <Note />
    <SelectedVersion>
      <Build>0</Build>
      <Major>1</Major>
      <Minor>1</Minor>
      <Revision>0</Revision>
    </SelectedVersion>
    <IsArenaDeck>false</IsArenaDeck>
    <IsDungeonDeck>false</IsDungeonDeck>
    <DeckId>4ab3d31a-6974-457f-871b-f7e873ca68fe</DeckId>
    <Name>Teron</Name>
    <Tags />
  </Deck>
  <LastDeckClass>
    <DeckInfo>
      <Class>Paladin</Class>
      <Id>aa5efba2-19c4-4d8c-aaa0-6834372dc1e7</Id>
      <Name>MECH</Name>
    </DeckInfo>
    <DeckInfo>
      <Class>Shaman</Class>
      <Id>08d7f1fc-440d-4308-a436-4b6d878464ee</Id>
      <Name>Highlander Quest</Name>
    </DeckInfo>
    <DeckInfo>
      <Class>Warlock</Class>
      <Id>a7a37e8e-7e88-437b-8cb9-6bae110f1b46</Id>
      <Name>Plot Twist</Name>
    </DeckInfo>
    <DeckInfo>
      <Class>Mage</Class>
      <Id>a77f3823-8f51-4082-b881-0f5c2fcf7c18</Id>
      <Name>Tombs of Terror 07-04 12:39</Name>
    </DeckInfo>
    <DeckInfo>
      <Class>Priest</Class>
      <Id>f4a8354f-2ae4-4d33-b489-11aad07ccf1e</Id>
      <Name>Custom Priest</Name>
    </DeckInfo>
    <DeckInfo>
      <Class>Hunter</Class>
      <Id>c10b1cb2-b768-4552-bb12-cc7da00f7705</Id>
      <Name>Face Hunter</Name>
    </DeckInfo>
    <DeckInfo>
      <Class>Rogue</Class>
      <Id>ac215220-620b-45ea-8a4f-8b57d9cf0de1</Id>
      <Name>Secret Galakrond</Name>
    </DeckInfo>
    <DeckInfo>
      <Class>DemonHunter</Class>
      <Id>5c7e104a-9d32-4874-a63e-35b004195171</Id>
      <Name>Morphosis</Name>
    </DeckInfo>
    <DeckInfo>
      <Class>Warrior</Class>
      <Id>4ab3d31a-6974-457f-871b-f7e873ca68fe</Id>
      <Name>Teron</Name>
    </DeckInfo>
  </LastDeckClass>
</Decks>